Month,L_actual,S_actual,C_actual,L_pred,S_pred,C_pred,L_resid,S_resid,C_resid
1972-02-01,6.563507194034366,-3.348082115418706,-0.18679516706116983,6.418427990535124,-2.722143351278079,-1.0376382608937726,0.1450792034992423,-0.6259387641406269,0.8508430938326028
1972-03-01,6.660764214066895,-3.3321605413965574,-1.1077739947864718,6.517455145429108,-3.207345735066075,-0.3588722585701168,0.14330906863778736,-0.12481480633048259,-0.748901736216355
1972-04-01,6.403028723141158,-2.6994162885201054,1.3114892626379926,6.631972316956818,-3.239656022188716,-1.1644340504440884,-0.22894359381566076,0.5402397336686104,2.475923313082081
1972-05-01,6.439831457894336,-3.1699624494241667,0.4657059535807051,6.346800882320966,-2.5226183977141767,0.9708611956845682,0.09303057557337002,-0.64734405170999,-0.5051552421038631
1972-06-01,6.472291182664566,-2.5528343067240122,-0.6795442687884111,6.386994120537266,-3.006019760838214,0.21536316678187906,0.08529706212730037,0.45318545411420175,-0.8949074355702902
1972-07-01,6.244816376985543,-2.080831716750497,0.6336591103699316,6.457436052092698,-2.484914828799603,-0.772368044867578,-0.2126196751071543,0.40408311204910596,1.4060271552375097
1972-08-01,6.361136055938082,-2.560144698529743,0.5893926280876314,6.219150664114489,-1.9737231382869032,0.38731486728693054,0.14198539182359315,-0.58642156024284,0.20207776080070083
1972-09-01,6.670109303224637,-1.910005616018044,-0.3427359991374819,6.322711741343863,-2.427087938904693,0.33876125582036143,0.34739756188077386,0.5170823228866488,-0.6814972549578433
1972-10-01,6.560929416007486,-1.5264936835352756,-0.22711740565279348,6.664345908846642,-1.8693146749858585,-0.45107337767938294,-0.10341649283915633,0.34282099145058287,0.22395597202658946
1972-11-01,6.48143245184524,-1.5609928822071333,0.05075761874777224,6.563967041953547,-1.5023190450309294,-0.3423020904179428,-0.082534590108307,-0.05867383717620389,0.39305970916571503
1972-12-01,6.438232838682059,-1.3554705666291686,-0.4622664626020886,6.478860804249895,-1.5195261342045026,-0.10184966346428379,-0.0406279655678361,0.1640555675753339,-0.3604167991378048
1973-01-01,6.3957917096077415,-1.1610193572026148,0.31793129744328796,6.451239180130742,-1.3515524953300855,-0.548355070433907,-0.05544747052300014,0.19053313812747064,0.8662863678771949
1973-02-01,6.420817752450419,-0.6313657495711273,0.6157584995436542,6.399382547921293,-1.1300195462346303,0.1414093897267455,0.021435204529125507,0.49865379666350296,0.47434910981690875
1973-03-01,6.375696009095684,-0.5320164021163936,1.2726692426213013,6.432572968726674,-0.6193991399451266,0.4191790137450345,-0.0568769596309906,0.08738273782873307,0.8534902288762668
1973-04-01,6.381395533285712,0.4364419743816342,0.8467232573948915,6.377888860406275,-0.4930340341846648,0.9977780697599922,0.0035066728794372892,0.929476008566299,-0.15105481236510065
1973-05-01,6.5120382149548535,0.23038512618541732,0.18402226015428602,6.417356917797984,0.3933287024863189,0.6513284070539076,0.09468129715686935,-0.1629435763009016,-0.4673061468996216
1973-06-01,6.717366545513594,0.940696933686787,-1.2767708405344034,6.554185301812274,0.16519792652765775,0.06757282007290077,0.16318124370131937,0.7754990071591292,-1.3443436606073043
1973-07-01,6.809348405347587,2.1758894539008145,-2.095103188183247,6.804662174953273,0.7550172612680857,-1.1887791006950343,0.004686230394313817,1.4208721926327288,-0.9063240874882128
1973-08-01,7.07688417732693,2.0866369579390667,0.15464796860473662,6.944314013560797,1.8704297995782637,-1.8694418250775762,0.1325701637661325,0.21620715836080295,2.024089793682313
1973-09-01,6.935927292443765,2.9510963618878043,-2.5599482432041567,7.164466217407157,1.8933902800528235,0.11455555594953881,-0.22853892496339245,1.0577060818349808,-2.6745037991536957
1973-10-01,6.805962473385845,1.9201147319172172,-2.8778214201346275,7.099350262395167,2.5716767093930804,-2.251387394576129,-0.29338778900932194,-0.6515619774758632,-0.6264340255584986
1973-11-01,6.751588853551264,1.7415598467164002,-2.655721296362027,6.949118218638527,1.5921032988798016,-2.5647743600111905,-0.19752936508726293,0.14945654783659856,-0.09094693635083662
1973-12-01,6.725728679758031,2.0202953417655003,-3.0032859748607073,6.886187418750977,1.4367099489252817,-2.3765835910666153,-0.16045873899294527,0.5835853928402186,-0.6267023837940919
1974-01-01,6.973561007029953,1.6250249530340002,-3.5228823365764694,6.8745536692176215,1.6811706232436776,-2.6749745201260318,0.09900733781233129,-0.05614567020967742,-0.8479078164504377
1974-02-01,7.331532078459096,0.6929424527998415,-3.9518948055189718,7.119920610948004,1.2807716764724846,-3.1342836280962287,0.2116114675110925,-0.5878292236726431,-0.817611177422743
1974-03-01,7.269744336314474,1.1122555485379908,-3.56347990742262,7.458615664774834,0.37990203415129076,-3.5254920006758046,-0.18887132846036003,0.7323535143867,-0.037987906746815625
1974-04-01,7.223942615122394,1.7813338860445183,-1.2409373341232035,7.40100461425598,0.7931120710533921,-3.1742935421563843,-0.17706199913358578,0.9882218149911262,1.9333562080331808
1974-05-01,7.25954310658181,2.162932803460711,-0.08165054524003512,7.3289469883307845,1.535733027648213,-1.1155678658315797,-0.0694038817489746,0.6271997758124979,1.0339173205915446
1974-06-01,7.174686502965562,1.5637767578951343,0.9130321245634587,7.352255214496001,1.950027799720188,-0.08456188080615257,-0.17756871153043896,-0.38625104182505376,0.9975940053696113
1974-07-01,7.103730004998147,0.8741281227069712,2.749762997811767,7.233171081397031,1.4392292523236878,0.769527324001925,-0.12944107639888358,-0.5651011296167167,1.9802356738098421
1974-08-01,7.235925377525473,0.9124765577955096,2.8549874375313795,7.109401763769113,0.8850277877209212,2.361555343777971,0.12652361375636012,0.027448770074588458,0.49343209375340846
1974-09-01,8.026771614689059,2.5338994781277724,-1.200131138285708,7.23958780857156,0.9238698065813669,2.4597423703024632,0.7871838061174987,1.6100296715464055,-3.6598735085881713
1974-10-01,7.827999263007125,0.2562640482726761,0.3245561391515046,8.14477568418728,2.2290177611100725,-1.0301678446021902,-0.3167764211801556,-1.9727537128373964,1.3547239837536948
1974-11-01,7.3774802940443625,0.6543956295963523,0.09841259573597153,7.858026304795755,0.17353490249758285,0.23774114893232856,-0.48054601075139214,0.4808607270987695,-0.13932855319635704
1974-12-01,7.46409098368734,0.5633219266534041,-1.4087224772544764,7.4258476306319325,0.5432611634486157,0.034659163576536256,0.0382433530554076,0.020060763204788334,-1.4433816408310127
1975-01-01,7.229679820403525,-0.052869251700072506,-0.351540081737149,7.538156027283764,0.381888455095281,-1.289483062470255,-0.3084762068802398,-0.4347577067953535,0.9379429807331059
1975-02-01,7.4848140155283716,-1.9592612188589884,-0.32678872833714423,7.269022624360102,-0.13918463814136456,-0.38617110423430845,0.21579139116826962,-1.8200765807176238,0.05938237589716422
1975-03-01,7.398341580309826,-1.7818735293404406,-0.9778379140314175,7.471173150336606,-1.9288368212842288,-0.41003866802296574,-0.07283157002677942,0.1469632919437882,-0.5677992460084518
1975-04-01,7.488222903031605,-2.1716887019707682,1.5180258042241834,7.402501166578213,-1.7933008474606675,-0.9801633218968232,0.08572173645339198,-0.3783878545101007,2.4981891261210065
1975-05-01,7.687187889358204,-2.6129544775956743,3.2245480450591915,7.433696464608019,-2.0367357153877523,1.205337223891045,0.2534914247501847,-0.576218762207922,2.0192108211681465
1975-06-01,8.035387445047025,-3.2553503181796466,0.9493029901700407,7.58684459453944,-2.3693103401225417,2.699452507533644,0.448542850507585,-0.8860399780571049,-1.7501495173636032
1975-07-01,7.496456854103265,-1.713918890866083,1.600134968452787,7.958778273880257,-3.0898425675469676,0.6936095818588973,-0.46232141977699204,1.3759236766808847,0.9065253865938897
1975-08-01,8.097529556621947,-1.6490175211761777,0.9779121718464794,7.452437086946742,-1.6038512947583679,1.2908792209443458,0.6450924696752045,-0.045166226417809874,-0.31296704909786643
1975-09-01,8.24001106897528,-1.4111783075693096,0.09283684230336842,8.062488410427122,-1.5842437223463042,0.7668627404865985,0.17752265854815796,0.17306541477699455,-0.6740258981832301
1975-10-01,8.338009646727441,-1.630174382401532,1.057415376943256,8.227080820823577,-1.4076095797670116,0.0007799955767159306,0.11092882590386388,-0.2225648026345204,1.0566353813665401
1975-11-01,8.10919971799877,-2.8405242921196088,0.5214163826797622,8.300100176686145,-1.566832880976963,0.8456650154693272,-0.19090045868737526,-1.2736914111426458,-0.32424863278956495
1975-12-01,8.3392471043906,-2.612920509192616,-0.35008759709334325,8.051192488448232,-2.723557451641864,0.3319971229150398,0.28805461594236803,0.11063694244924793,-0.682084720008383
1976-01-01,8.149580608832869,-2.917611724802969,-0.577928379154444,8.302146651776255,-2.5573649820081243,-0.4193955570653436,-0.15256604294338594,-0.3602467427948448,-0.15853282208910036
1976-02-01,8.386323772345134,-3.768817431067664,-1.0235935861111924,8.110210781661596,-2.850856377920797,-0.6349679146861419,0.27611299068353823,-0.9179610531468669,-0.38862567142505056
1976-03-01,8.066166886614313,-2.786872658212448,0.36313703332028435,8.331072899599247,-3.67465521685112,-1.0427286969484484,-0.2649060129849339,0.8877825586386723,1.4058657302687327
1976-04-01,7.87417187839121,-3.011037321543683,0.6509528954173156,8.012935612707402,-2.680360471336494,0.1929247174276162,-0.13876373431619182,-0.33067685020718907,0.4580281779896994
1976-05-01,7.837434965010748,-3.048358020526925,0.5217700344103979,7.810977847044813,-2.87285341723224,0.43276381530412256,0.02645711796593453,-0.17550460329468498,0.08900621910627537
1976-06-01,7.948895618072957,-2.5411091307258107,1.1995581680150245,7.776000706098699,-2.913575497353678,0.3168809948436824,0.17289491197425733,0.37246636662786736,0.8826771731713421
1976-07-01,8.004003924739978,-2.6737602076682214,0.431401570048583,7.88711142766933,-2.40666354812074,0.9309580560863214,0.11689249707064775,-0.2670966595474815,-0.49955648603773845
1976-08-01,8.09593527995203,-3.039716308613742,-0.098209776566899,7.95294651836376,-2.569909435675748,0.2539855798381139,0.14298876158827056,-0.46980687293799406,-0.35219535640501287
1976-09-01,7.957374813564513,-2.919118569990206,-0.6817545178898435,8.044580233443789,-2.940625206793496,-0.21872685157265123,-0.08720541987927533,0.021506636803290125,-0.4630276663171923
1976-10-01,7.749973049346983,-2.698649027378994,-1.0751307171956253,7.921426094503742,-2.8540631159642587,-0.7329663392296506,-0.17145304515675885,0.15541408858526484,-0.34216437796597465
1976-11-01,7.842490719418162,-2.9514704605047695,-1.6497742476726542,7.728977057538511,-2.663313632845356,-1.0796202122022738,0.11351366187965084,-0.2881568276594133,-0.5701540354703805
1976-12-01,7.366419247460152,-2.8965919614723212,-2.2245349615508934,7.825052263260001,-2.9302499960062085,-1.5886534705922104,-0.4586330157998484,0.03365803453388727,-0.635881490958683
1977-01-01,7.249693384343483,-2.811658908994939,-1.9129577892886052,7.365073052016467,-2.898974073883059,-2.1088296041202024,-0.11537966767298435,0.0873151648881203,0.1958718148315972
1977-02-01,7.75356408860547,-3.1246104810798325,-0.39018628976201386,7.245547524102888,-2.8019501882038425,-1.8366410038474243,0.508016564502582,-0.3226602928759901,1.4464547140854105
1977-03-01,7.923314888982894,-3.2705650418825227,-1.0125266833921613,7.708166963199164,-3.028667356200807,-0.4897076896610658,0.21514792578372965,-0.24189768568171566,-0.5228189937310955
1977-04-01,7.368468473345162,-3.036243542816558,0.13064199221715667,7.884625576569985,-3.1991611239564413,-1.0349084260148191,-0.5161571032248231,0.16291758113988308,1.1655504182319758
1977-05-01,7.815460546124084,-3.1302465396744523,-0.8776343719428932,7.318431451927384,-2.9134161247243595,-0.042882996729149025,0.4970290941966997,-0.2168304149500928,-0.8347513752137441
1977-06-01,7.708567256669102,-2.6032867074931354,-1.2437825271290315,7.778745688340906,-3.0591274016508936,-0.9161073664752665,-0.07017843167180349,0.4558406941577582,-0.327675160653765
1977-07-01,7.614352422031766,-2.3995929201969948,-1.7165807716650963,7.693638736973707,-2.581571527696052,-1.2265588461611565,-0.07928631494194072,0.18197860749905725,-0.49002192550393975
1977-08-01,7.722860675038214,-2.030610154772263,-1.3397285971683182,7.614577717162622,-2.412435977949401,-1.6395438059120586,0.10828295787559128,0.3818258231771381,0.29981520874374046
1977-09-01,7.482833899499957,-1.5658576006456424,-1.010484496071665,7.724838966982154,-2.049919910823618,-1.2940045605920416,-0.2420050674821974,0.4840623101779755,0.2835200645203766
1977-10-01,7.496564946277673,-1.0843777137406345,-0.973589480751544,7.492694653571438,-1.5939586679178925,-0.999728742156986,0.00387029270623529,0.509580954177258,0.026139261405442094
1977-11-01,7.6230240160652984,-1.1379898861432136,-0.09158489161664674,7.518382130619877,-1.1411872326395227,-0.9530536948534035,0.10464188544542186,0.0031973464963090947,0.8614688032367568
1977-12-01,7.5573223920285955,-1.1968868575096734,-0.13886194896956613,7.625605001445756,-1.1500099941063557,-0.17501646077684885,-0.06828260941716024,-0.04687686340331765,0.03615451180728271
1978-01-01,7.8682812374385245,-1.4238039336964035,-0.35914246579337217,7.559749860429871,-1.2063975067537906,-0.220543373279121,0.3085313770086531,-0.2174064269426128,-0.13859909251425118
1978-02-01,7.9818040337359415,-1.2899796216258164,-0.23616887050539476,7.866506221918422,-1.435331983856494,-0.4097783253480748,0.11529781181751986,0.1453523622306776,0.17360945484268003
1978-03-01,8.07806898267747,-1.424842244964213,0.0035754333591369036,7.980355972214085,-1.3058192789978476,-0.2939132190042471,0.09771301046338543,-0.11902296596636552,0.297488652363384
1978-04-01,8.022725216327105,-1.4472449239175855,0.5962668580946782,8.067726583529437,-1.4220140872075842,-0.08370976416815581,-0.04500136720233172,-0.02523083671000137,0.679976622262834
1978-05-01,8.04585146729045,-1.3191093386327803,1.0633870287928833,8.000897065690735,-1.4127383957081268,0.43461073789530946,0.044954401599715865,0.09362905707534641,0.6287762908975738
1978-06-01,8.166864812378417,-1.1557573293900405,1.1095824544920405,8.018323299862466,-1.2699686893502549,0.8496152972805674,0.14854151251595127,0.11421135996021436,0.2599671572114731
1978-07-01,8.206925787260571,-0.9541056154218926,1.7016496702918542,8.141854995299056,-1.1167127932538476,0.8991090645623055,0.06507079196151544,0.162607177831955,0.8025406057295487
1978-08-01,8.097471966572012,-0.9170896535410681,1.9764193263895018,8.175649119082124,-0.8991683802898474,1.4266179820710057,-0.07817715251011137,-0.017921273251220726,0.5498013443184961
1978-09-01,8.006640723680302,-0.16198833566724768,1.0795899587058742,8.062772001394029,-0.8489930776977883,1.6653412670568253,-0.05613127771372639,0.6870047420305406,-0.5857513083509511
1978-10-01,8.200418134802433,0.6063023179439547,-0.1876726533993044,8.009786145248839,-0.1841702575935471,0.8955810135935284,0.1906319895535944,0.7904725755375018,-1.0832536669928328
1978-11-01,8.05871949721284,1.8534033377006092,0.5978659348449136,8.24664280631319,0.4697502885099876,-0.18942968878347247,-0.18792330910035027,1.3836530491906216,0.787295623628386
1978-12-01,8.066895597866454,1.683175904053784,1.1502597200317042,8.124101482021171,1.6796898199084258,0.5316710868369372,-0.05720588415471717,0.003486084145358115,0.618588633194767
1979-01-01,8.141217242373626,1.9022198985770054,2.625637703688086,8.117153091566243,1.547345566248882,1.0125642645273576,0.024064150807383555,0.3548743323281234,1.6130734391607282
1979-02-01,8.140905974060294,1.8066582500724178,1.155470451248968,8.16853866143305,1.8242705259610643,2.3180719624031867,-0.027632687372756592,-0.017612275888646556,-1.1626015111542187
1979-03-01,8.489531027962865,1.6292669079930437,0.7939272465933584,8.193768827141035,1.6620303608111273,1.0232578689450285,0.29576220082183013,-0.03276345281808357,-0.22933062235167
1979-04-01,8.505648596616634,1.6804388153616285,0.26433133881658255,8.541912260715494,1.4718659795207798,0.7126036451438348,-0.036263664098859394,0.20857283584084874,-0.44827230632725223
1979-05-01,8.73894797216344,1.4073066450446037,0.4168208606613537,8.569375332584848,1.4933508128560322,0.24918928355386538,0.16957263957859325,-0.08604416781142854,0.16763157710748833
1979-06-01,8.589181797924118,1.533865673227507,-0.46993707715032973,8.790726143393721,1.240890933225672,0.3835351643864686,-0.20154434546960331,0.2929747400018352,-0.8534722415367983
1979-07-01,8.472071186734752,1.2044280025141294,-1.310027022325968,8.662400422940284,1.3182406826503723,-0.3974065737280799,-0.19032923620553177,-0.1138126801362429,-0.9126204485978882
1979-08-01,8.691383574377824,1.4559546181336998,-1.4315285598363636,8.553497072306874,0.9700249203451192,-1.1492358119821406,0.1378865020709501,0.48592969778858053,-0.282292747854223
1979-09-01,8.750543350873873,2.232243500581936,-0.459524015233051,8.780111817577897,1.1959075147543,-1.2411722609764992,-0.029568466704024132,1.036335985827636,0.7816482457434483
1979-10-01,8.894260047175091,2.3183576408951856,-0.47101434768217165,8.840839570737785,1.970388714194042,-0.3626507581449028,0.05342047643730652,0.34796892670114365,-0.10836358953726888
1979-11-01,9.888553114103335,3.392957488063325,0.32266266180588316,8.985953505825416,2.04801960692099,-0.36527146698765495,0.9025996082779191,1.344937881142335,0.6879341287935381
1979-12-01,9.837074992035015,3.2453977222126364,-2.1984529889895525,9.985936209382036,3.07697793178131,0.397687172643597,-0.1488612173470205,0.16841979043132627,-2.5961401616331496
1980-01-01,9.992058120073056,3.450559334842522,-2.878267312849249,9.97908225399525,2.8149331526404855,-1.824035241313808,0.012975866077805875,0.6356261822020364,-1.054232071535441
1980-02-01,10.836189527697485,2.412140500086187,-2.075467995398305,10.15129419492097,2.9708782537477973,-2.4102208005276236,0.6848953327765148,-0.5587377536616103,0.3347528051293187
1980-03-01,11.355839670439739,4.599056111977989,1.5077762961283714,10.946068892822364,2.022827003384546,-1.7049172612665058,0.4097707776173749,2.576229108593443,3.212693557394877
1980-04-01,11.099424332971726,5.444341207616096,0.8354589510109541,11.451286238508846,4.240299419687945,1.5249288808895027,-0.3518619055371204,1.2040417879281513,-0.6894699298785486
1980-05-01,10.310391310139542,0.9662589825151251,-1.6940907915649652,11.232094189538563,5.003610132734891,0.9492845411458529,-0.921702879399021,-4.037351150219766,-2.6433753327108183
1980-06-01,10.45858507542039,-2.086667266734152,-1.5392131303998595,10.378694927069164,0.695912224555272,-1.4294397976184041,0.07989014835122532,-2.782579491289424,-0.1097733327814554
1980-07-01,10.224861177516487,-2.231153836157465,-1.2690270297259771,10.441842218211558,-2.159842965610861,-1.3754672329510753,-0.21698104069507096,-0.07131087054660412,0.10644020322509817
1980-08-01,10.691685658159056,-1.8340678108806736,-0.8577383829423484,10.200925879082536,-2.277817869726902,-1.1502994830645417,0.49075977907651946,0.4437500588462282,0.2925611001221933
1980-09-01,10.93053898375029,-0.849363643346464,1.1712760065899201,10.666834689744164,-1.893489148925567,-0.7611887062529072,0.2637042940061267,1.044125505579103,1.9324647128428274
1980-10-01,11.146397124261698,1.0091565096346566,-0.05956592852130349,10.891216295176628,-0.874561017767622,1.0585265944910351,0.2551808290850701,1.8837175274022786,-1.1180925230123386
1980-11-01,11.722909514002733,2.813125536720166,-1.2321596383616396,11.178196099772356,0.8024100890561514,0.037475739889362036,0.5447134142303778,2.0107154476640146,-1.2696353782510017
1980-12-01,11.826159289024888,4.7695741715742965,-2.557756622846193,11.820497213511088,2.424876822210914,-0.921358747959507,0.005662075513800602,2.3446973493633827,-1.6363978748866863
1981-01-01,11.990277665705678,4.175996041155277,-5.219404095749682,12.000140816355191,4.190885803067575,-2.0268145065564607,-0.009863150649513486,-0.01488976191229785,-3.1925895891932212
1981-02-01,12.402412183678088,3.6345226399698807,-4.870477463608353,12.198082098053428,3.5001910824375027,-4.377277859420132,0.20433008562465993,0.13433155753237802,-0.49319960418822095
1981-03-01,13.069404740037966,2.8348878027217874,-3.5164663259948865,12.586026293042067,3.002880164627474,-4.071725785387939,0.48337844699589816,-0.16799236190568667,0.5552594593930529
1981-04-01,12.605214560805893,-0.16857800889225505,0.3953527860977686,13.200830756222011,2.308922577809983,-2.881336378565787,-0.5956161954161185,-2.477500586702238,3.2766891646635554
1981-05-01,13.082746069718443,2.073261280222717,0.0012015200787716118,12.585877290515471,-0.30407237683886923,0.4545053673645948,0.49686877920297157,2.377333657061586,-0.4533038472858232
1981-06-01,12.535798332125744,3.608416842663999,-1.9484930282590214,13.126704776915776,1.7689261467475825,0.18888160529617004,-0.5909064447900327,1.8394906959164166,-2.1373746335551913
1981-07-01,12.930900505896256,2.6206526094381104,-0.3237748938511664,12.661898828401231,3.1205853257653255,-1.499804904107322,0.2690016774950248,-0.49993271632721514,1.1760300102561556
1981-08-01,13.944249407405554,3.00920915477555,-0.7192368205365891,12.996746907406534,2.268444815143672,-0.08636991199796634,0.94750249999902,0.7407643396318782,-0.6328669085386227
1981-09-01,13.951661757423107,2.8616986490706444,1.7192594031519994,14.020154884815863,2.595393654082196,-0.3874530889568092,-0.06849312739275604,0.2663049949884484,2.1067124921088087
1981-10-01,14.367287150773386,1.1017602901088204,2.564649715220189,13.977035789202064,2.577613936184298,1.7516818058778272,0.39025136157132145,-1.4758536460754776,0.8129679093423618
1981-11-01,13.935625804409879,-0.8477484525998027,1.4478789394970075,14.326656104517832,0.9629911640392217,2.4588291365685264,-0.39103030010795337,-1.8107396166390244,-1.010950197071519
1981-12-01,13.3061607879448,-2.1062442754658908,-0.9349131918460412,13.867948250714587,-0.9115787180791779,1.4065262907967604,-0.5617874627697876,-1.1946655573867129,-2.3414394826428016
1982-01-01,13.64403260362447,-1.3629898535222282,1.4286676942289744,13.255455384798099,-2.197779057807822,-0.7455702143927658,0.38857721882637186,0.8347892042855936,2.1742379086217403
1982-02-01,13.650118102948392,0.8918367842024653,0.9882986758360625,13.565303144192956,-1.3902855798570157,1.3647315807270375,0.08481495875543565,2.282122364059481,-0.37643290489097503
1982-03-01,13.040623216977695,-0.0031837679736560487,1.9006053196615142,13.639538005140913,0.7007884091228453,1.0424098861128894,-0.5989147881632189,-0.7039721770965014,0.8581954335486248
1982-04-01,13.293275619586572,0.14505208967059852,1.4902316770014328,12.993579299217455,-0.08221766718781401,1.7973338436978197,0.299696320369117,0.22726975685841252,-0.3071021666963869
1982-05-01,13.081420847727962,0.0748652935399523,1.5034939489909687,13.256054837887472,0.032009800893558794,1.449728684233183,-0.17463399015950998,0.04285549264639351,0.05376526475778576
1982-06-01,13.09431488818371,-1.1730803840968953,2.683416650448451,13.04371544645651,-0.02942447064756626,1.4519846168880566,0.050599441727200656,-1.143655913449329,1.2314320335603943
1982-07-01,13.43392315173216,-0.4732078887742429,2.8200484023109906,13.000890043514092,-1.1407299466603493,2.453729145432651,0.4330331082180674,0.6675220578861064,0.36631925687833977
1982-08-01,12.814522920321187,-3.054720314419549,4.146054043842176,13.353834261682696,-0.4840368078713934,2.6056758556708073,-0.5393113413615094,-2.5706835065481557,1.5403781881713683
1982-09-01,12.457322172608352,-3.6892196548852354,3.908031055343194,12.645429040931313,-2.826793623672059,3.6756034796921297,-0.18810686832296142,-0.8624260312131762,0.2324275756510641
1982-10-01,11.267077789193344,-3.6871224718160196,4.719348961831674,12.278697119309964,-3.4269347612369145,3.435803954331685,-1.0116193301166199,-0.26018771057910506,1.2835450074999888
1982-11-01,10.673631353794876,-3.141562178662095,2.184410795212191,11.08217189318343,-3.3641729907729454,4.107366248522075,-0.4085405393885537,0.22261081211085054,-1.9229554533098838
1982-12-01,11.296175507355054,-3.101148833268765,-0.008992065488384382,10.55616079346941,-2.9679758341083584,1.8744078693783872,0.7400147138856443,-0.13317299916040648,-1.8833999348667716
1983-01-01,11.150438438748939,-3.52371954620696,-0.49867754336250486,11.216870821251128,-3.049379994815757,-0.030405958598863136,-0.06643238250218886,-0.474339551391203,-0.4682715847636417
1983-02-01,11.696653014435546,-3.6611645947597355,-1.371458317163162,11.070400786559263,-3.46704487405106,-0.47794147358828126,0.6262522278762823,-0.19411972070867556,-0.8935168435748808
1983-03-01,11.162610017946841,-3.3218129548558553,-1.7136293356999477,11.62543511006557,-3.6484887416008576,-1.2298644980661493,-0.46282509211872913,0.3266757867450023,-0.4837648376337984
1983-04-01,11.304477794783446,-2.5923562479995477,-1.5225882353092108,11.111031880295108,-3.3381302491782656,-1.539513881237243,0.19344591448833803,0.745774001178718,0.01692564592803225
1983-05-01,11.121879192861892,-3.115177698210395,-1.8269314782524377,11.267502170973785,-2.6475884549831257,-1.3458027836247797,-0.14562297811189318,-0.46758924322726925,-0.48112869462765806
1983-06-01,11.389251574913445,-2.8415854093382027,-0.9323343986525989,11.078256862839623,-3.1493912044973613,-1.634601971498633,0.31099471207382123,0.3078057951591586,0.7022675728460341
1983-07-01,11.476421398254503,-2.732708257673501,-0.6272675908827121,11.333744559600076,-2.853422387298823,-0.8312226360298203,0.14267683865442748,0.12071412962532202,0.20395504514710816
1983-08-01,12.223328823224499,-2.783852372549477,-0.43761920997555975,11.417305496191481,-2.7378252349829433,-0.556956261040453,0.8060233270330173,-0.04602713756653376,0.11933705106489328
1983-09-01,12.096229447752934,-2.908724425351025,0.5289519082723007,12.153490064109702,-2.7893500556885975,-0.36568242260081973,-0.05726061635676771,-0.11937436966242743,0.8946343308731204
1983-10-01,11.721825910551695,-3.1579314729086807,0.19933624243289938,12.005600656460574,-2.8563622788746343,0.47579126961058915,-0.28377474590887886,-0.30156919403404636,-0.27645502717768977
1983-11-01,11.99784041653179,-3.6983222201492554,0.19444053855177124,11.633763363894328,-3.099683549868058,0.16591381514807174,0.3640770526374624,-0.5986386702811974,0.028526723403699494
1983-12-01,11.904983057903586,-3.14107342188666,-0.28650190545060167,11.893419572855915,-3.611110806913864,0.15578708053304674,0.011563485047670241,0.4700373850272044,-0.4422889859836484
1984-01-01,12.12371625292182,-3.2421590167825944,-0.13014385443426402,11.825235703813146,-3.1110919014107017,-0.25419639330625643,0.2984805491086746,-0.13106711537189275,0.12405253887199241
1984-02-01,12.023015140200169,-3.276901187034457,-0.7212271077665451,12.03662037121248,-3.2018858639916212,-0.11203833010075423,-0.013605231012311592,-0.07501532304283565,-0.6091887776657908
1984-03-01,12.33392562057045,-3.198935394093343,-0.3867257303759677,11.94705943137057,-3.261920346951146,-0.6360248018077137,0.38686618919988014,0.06298495285780303,0.249299071431746
1984-04-01,13.01230404595973,-3.3745467195976735,-0.5805692274222742,12.251258273891908,-3.1777213070314545,-0.32896652317921116,0.7610457720678223,-0.196825412566219,-0.2516027042430631
1984-05-01,13.053487688073467,-3.4357142769370514,0.09292080116434748,12.923463492917964,-3.3636542311885647,-0.48067909320930524,0.130024195155503,-0.07206004574848679,0.5735998943736527
1984-06-01,13.49129418227757,-3.469414990984532,1.825907301255172,12.949848155971447,-3.388386064557302,0.11091152525922199,0.541446026306124,-0.08102892642723036,1.7149957759959502
1984-07-01,13.556971502698115,-3.9140998180453828,3.5666331988880247,13.350301917356532,-3.3418801461216745,1.6482756399585279,0.20666958534158297,-0.5722196719237083,1.9183575589294968
1984-08-01,12.550565748281006,-2.2393187653256588,1.8810379759377147,13.370443889923136,-3.6736517376751516,3.1677024469955164,-0.8198781416421301,1.4343329723494929,-1.2866644710578017
1984-09-01,12.50670076593375,-2.0423826232137476,2.0651678537228806,12.448373424467157,-2.170110675162127,1.6990832271189236,0.05832734146659391,0.12772805194837922,0.366084626603957
1984-10-01,12.281734175631433,-2.2742291095565377,1.8481664975470156,12.40655171189292,-1.975698667411759,1.8650092743755975,-0.12481753626148695,-0.29853044214477875,-0.01684277682858193
1984-11-01,11.580208042853224,-2.8503291544338802,1.6259691075940765,12.181311802885155,-2.1997793879225105,1.6598148675591946,-0.6011037600319309,-0.6505497665113698,-0.03384575996511807
1984-12-01,11.624922991046114,-3.630144510938087,1.4337840567659628,11.47414942382531,-2.7384310042668565,1.4235792758892827,0.1507735672208046,-0.8917135066712305,0.010204780876680086
1985-01-01,12.06169567644171,-4.553941072797928,0.19180027880263428,11.501513183732396,-3.4794610764856615,1.2339330942047257,0.5601824927093144,-1.0744799963122662,-1.0421328154020915
1985-02-01,11.557584086596355,-3.7713888668210647,0.33151930361759896,11.934147099842185,-4.414134843467019,0.13122398479184877,-0.3765630132458302,0.642745976645954,0.2002953188257502
1985-03-01,12.045448983072182,-3.5668446951376835,0.49482801320374015,11.451994911669239,-3.665153155410389,0.2588081612265717,0.5934540714029435,0.09830846027270557,0.23601985197716846
1985-04-01,11.976587263256732,-3.9340499981094768,0.2781703089378127,11.938412175454744,-3.4738793440458577,0.42520691745032013,0.03817508780198864,-0.460170654063619,-0.14703660851250744
1985-05-01,11.904455560019118,-4.345880462764795,-0.5554960614535442,11.86448069915163,-3.827497313015418,0.22189031920450897,0.03997486086748836,-0.5183831497493765,-0.7773863806580532
1985-06-01,10.718215834650348,-4.012368928497167,-0.7636156827411369,11.797902941668744,-4.253385596246984,-0.5250804681664708,-1.0796871070183958,0.24101666774981734,-0.2385352145746661
1985-07-01,10.909559101377624,-4.387288556601423,-0.8864356306571735,10.633605292354797,-3.930540307961889,-0.7398420860377128,0.27595380902282685,-0.45674824863953356,-0.14659354461946061
1985-08-01,11.212526909718106,-4.2770750716487385,-0.8428788072129167,10.81588085273955,-4.291267804890347,-0.8518296293650933,0.3966460569785557,0.014192733241608302,0.008950822152176574
1985-09-01,10.88361884499094,-4.069009906813017,-0.6389851618548683,11.118608770159508,-4.191098652769691,-0.7998255365510425,-0.2349899251685681,0.12208874595667396,0.16084037469617418
1985-10-01,10.89524065411846,-4.198519419424086,-0.6574121277557449,10.793854304070067,-3.9803283975841453,-0.6261578199057543,0.10138635004839358,-0.21819102183994055,-0.031254307849990615
1985-11-01,10.629433649498877,-3.599335694054447,-1.2487397970167002,10.80230460000811,-4.10280237416486,-0.6456509934849057,-0.17287095050923362,0.5034666801104124,-0.6030888035317945
1985-12-01,10.283855015056862,-3.0928062688070015,-1.5491995616071506,10.565721185327657,-3.565940629050128,-1.157483047805692,-0.28186617027079564,0.4731343602431264,-0.39171651380145867
1986-01-01,9.421419540309655,-2.2076809958328907,-1.6071690442045758,10.241968883051378,-3.100134767133887,-1.4191165899056886,-0.8205493427417228,0.8924537713009961,-0.18805245429888728
1986-02-01,9.411749220285467,-2.3347142863962573,-1.364933275654142,9.410743754316446,-2.258583766348093,-1.4748424189935383,0.0010054659690208467,-0.07613052004816412,0.10990914333939639
1986-03-01,8.243706019072592,-1.2184703731117614,-0.649272910215784,9.393154002028933,-2.365478199286653,-1.2659218652483775,-1.1494479829563407,1.1470078261748915,0.6166489550325934
1986-04-01,7.671614385749379,-1.3837636607948924,-0.3820968484028206,8.250027654275113,-1.2637865611303396,-0.6457896536345632,-0.5784132685257344,-0.11997709966455283,0.2636928052317426
1986-05-01,7.80566935912939,-1.8212701872576302,-0.17889197935265938,7.672852178388195,-1.395529274034937,-0.4356692642982767,0.13281718074119553,-0.42574091322269325,0.2567772849456173
1986-06-01,8.736325716445842,-2.621432920584623,-0.04272833483587274,7.790395162496131,-1.7977892456945448,-0.2649158586019844,0.9459305539497107,-0.8236436748900784,0.22218752376611167
1986-07-01,8.042415772156016,-2.3478539205552655,-0.3095893567721768,8.690076084369075,-2.557042171823625,-0.1356579471698185,-0.6476603122130591,0.2091882512683596,-0.1739314096023583
1986-08-01,7.947698686597207,-2.356411873091076,-0.7679901908733446,8.013853622219814,-2.3018166112586145,-0.38657988780903146,-0.06615493562260788,-0.05459526183246144,-0.38141030306431317
1986-09-01,7.655195187541535,-2.6240830644007884,-1.441897268209744,7.928391385889299,-2.3308574693377744,-0.7929995051418044,-0.27319619834776354,-0.29322559506301404,-0.6488977630679396
1986-10-01,8.035596408014943,-2.9370220250438095,-0.9564019972553257,7.643908805722605,-2.609928484143703,-1.4031309528830382,0.3916876022923379,-0.32709354090010656,0.44672895562771253
1986-11-01,7.905516805446019,-2.7330570448173304,-1.517916189142463,8.003815672930758,-2.885779800786863,-0.972125433943492,-0.09829886748473893,0.15272275596953255,-0.545790755198971
1986-12-01,7.745413842169183,-2.318545337645389,-1.6764434850086443,7.890866990877735,-2.7201538379506447,-1.464322925102807,-0.14545314870855197,0.40160850030525586,-0.21212055990583734
1987-01-01,7.646326742344772,-2.124441977565596,-1.279960136527743,7.746013552124777,-2.3367801206081924,-1.5973775948500148,-0.09968680978000499,0.21233814304259635,0.31741745832227175
1987-02-01,7.629585200354832,-2.0293611883118596,-1.3227226515760213,7.645264498791095,-2.1335628433034444,-1.2468306451265212,-0.015679298436262812,0.10420165499158474,-0.07589200644950012
1987-03-01,7.503964412612787,-2.0286942161808224,-1.0530284985917335,7.631989380537972,-2.046288105795144,-1.2822777282330913,-0.12802496792518436,0.017593889614321512,0.22924922964135774
1987-04-01,7.86500254059736,-2.24223065903016,-0.7449957543061074,7.5022027704808645,-2.0301448445911126,-1.0496188071208508,0.3627997701164958,-0.2120858144390474,0.30462305281474333
1987-05-01,8.526104959189752,-3.0393610312306834,0.9718781804638148,7.848919826579293,-2.221286691940679,-0.7724106019705541,0.6771851326104583,-0.8180743392900043,1.744288782434369
1987-06-01,8.522422562807357,-2.9932251493750144,1.5105144392738545,8.451016992609603,-2.8948522836005677,0.7367502466812018,0.07140557019775429,-0.0983728657744467,0.7737641925926527
1987-07-01,8.539588222400402,-3.333080637794075,1.1793996808621916,8.43830095387715,-2.824920860827992,1.2113267300664803,0.10128726852325265,-0.508159776966083,-0.03192704920428868
1987-08-01,9.064538742188246,-3.338709454560434,0.2612036154913221,8.452645858636501,-3.1600640842364056,0.911202503631903,0.6118928835517448,-0.17864537032402827,-0.6499988881405809
1987-09-01,9.250091203787333,-3.4138397744899094,0.6034259708682865,8.990942043054778,-3.2198617346577127,0.12239381065820015,0.2591491607325551,-0.19397803983219664,0.4810321602100864
1987-10-01,9.84547207791572,-3.2471242250023487,0.5377901302999692,9.16654033951937,-3.2765664551821785,0.4274849731395277,0.6789317383963489,0.02944223017982983,0.11030515716044154
1987-11-01,9.378602922590606,-3.6725578412845534,0.3009496183945011,9.763015204896309,-3.1339298559777364,0.39534340407441426,-0.38441228230570346,-0.538627985306817,-0.09439378567991319
1987-12-01,9.345676060778436,-3.6017718217012584,0.2087988333552817,9.292979327808855,-3.5361957059045004,0.1587356881009453,0.052696732969581106,-0.06557611579675804,0.050063145254336416
1988-01-01,9.107079091197294,-3.113759387145809,0.1167844604569452,9.26394227980295,-3.4738480814,0.07862366608216642,-0.15686318860565684,0.36008869425419077,0.038160794374778775
1988-02-01,8.585295833220158,-2.719643441123247,-0.4961006733091045,9.041877457110425,-3.0169456052975017,0.0033876860241103257,-0.45658162389026735,0.2973021641742548,-0.49948835933321484
1988-03-01,8.445892382314188,-2.783365900342844,-0.48038329041043565,8.546261043430128,-2.668867745370582,-0.5421872596453854,-0.10036866111594023,-0.11449815497226234,0.06180396923494974
1988-04-01,8.978181654370223,-3.036744689387844,-0.3353992398502723,8.405940180685722,-2.7253817385437826,-0.535060658064503,0.5722414736845014,-0.3113629508440612,0.19966141821423067
1988-05-01,9.214509778686294,-3.038681726312737,-0.4253734218874488,8.924648058914753,-2.964896712198906,-0.39631323257177986,0.2898617197715403,-0.07378501411383098,-0.02906018931566895
1988-06-01,9.182911284521328,-2.640043191639361,0.07023654116432937,9.160824980759854,-2.9752667314866628,-0.4671969278393545,0.02208630376147447,0.3352235398473016,0.5374334690036839
1988-07-01,8.949192279725725,-2.3375737669399204,-0.07565223774340904,9.13057587034302,-2.5766543590444377,-0.021326972490508134,-0.18138359061729403,0.23908059210451738,-0.054325265252900906
1988-08-01,9.119380263774701,-2.179222134563515,0.3351597868395214,8.9094605017676,-2.296369415473523,-0.14904732174990828,0.20991976200710205,0.11714728091000781,0.4842071085894297
1988-09-01,9.180244990458704,-1.8555265229719187,0.7073896425450941,9.074693621689148,-2.1306241109392086,0.222466003715033,0.10555136876955551,0.2750975879672899,0.48492363883006107
1988-10-01,8.788429136881707,-1.3847582496601305,0.4459828403875111,9.136565294885846,-1.80994660325073,0.5609852056484752,-0.3481361580041398,0.4251883535905996,-0.11500236526096408
1988-11-01,8.650187937517268,-1.0752970594056777,-0.17801201947871326,8.765237509270646,-1.374917450842048,0.3310375632456638,-0.11504957175337793,0.2996203914363704,-0.5090495827243771
1988-12-01,8.83506494092936,-0.748559580802877,0.587115070848601,8.648180341098866,-1.1133807414121213,-0.21333922488881923,0.18688459983049377,0.3648211606092443,0.8004542957374203
1989-01-01,8.984536363072388,-0.5654354831800439,1.1325483112912735,8.825688627628498,-0.7725793628489608,0.4748956023687684,0.15884773544389041,0.2071438796689169,0.6576527089225052
1989-02-01,8.714544825496178,-0.1691984981379634,0.9660318019044936,8.96845079589241,-0.5766036095157021,0.964707654356152,-0.2539059703962323,0.4074051113777387,0.0013241475483415366
1989-03-01,8.925171156808466,-0.20109214955191215,1.7115443011361902,8.714222071122885,-0.20884069279797102,0.8202745170954001,0.21094908568558068,0.007748543246058864,0.89126978404079
1989-04-01,8.708979215571544,0.21694090110067843,2.0177546587728807,8.908146958026576,-0.20552295442377722,1.4819124648844233,-0.19916774245503177,0.42246385552445564,0.5358421938884574
1989-05-01,8.746191229562326,-0.03035117682309854,1.5014848681911355,8.698855184964824,0.2051052719825802,1.7554403636038467,0.04733604459750218,-0.23545644880567873,-0.25395549541271123
1989-06-01,8.35077522701336,0.30018545259076923,0.5892657392189633,8.739082125105854,-0.05280233417039944,1.2959377333506588,-0.38830689809249463,0.35298778676116865,-0.7066719941316955
1989-07-01,8.021583803044383,-0.02135871695011174,-0.3128573380947789,8.372890883498608,0.2186997128024509,0.4898813606291579,-0.3513070804542249,-0.24005842975256264,-0.8027386987239368
1989-08-01,7.756606976220791,0.10613000229869596,-1.3619984663464249,8.054931926373312,-0.12150203171442958,-0.3236407904645957,-0.29832495015252114,0.22763203401312554,-1.0383576758818291
1989-09-01,7.9879510389952015,-0.041658364894341826,0.7451927129585993,7.81540714749436,-0.049308977740468704,-1.251288035589075,0.17254389150084126,0.007650612846126878,1.9964807485476743
1989-10-01,8.035733490628926,0.09760257631500674,0.825956505383383,8.000816131280569,-0.08762185179433135,0.6044821890131675,0.03491735934835738,0.1852244281093381,0.22147431637021553
1989-11-01,7.829178270195658,-0.024572970198064557,-0.10031880182169528,8.050381380589675,0.04604036699823726,0.6811123856620757,-0.22120311039401752,-0.07061333719630182,-0.7814311874837709
1989-12-01,7.786000579663592,-0.20376022115143738,-0.28785712983262757,7.859862774064911,-0.11066173339817667,-0.14365498138957694,-0.07386219440131914,-0.09309848775326071,-0.14420214844305063
1990-01-01,7.900479038372349,-0.14933417001395496,-0.14170571531899778,7.8158470707909,-0.28709790429401066,-0.3151061924003851,0.08463196758144864,0.1377637342800557,0.17340047708138734
1990-02-01,8.295569378977861,-0.45509471630241205,0.25245067663359655,7.92809728566978,-0.23085830468364554,-0.18110849929002557,0.3674720933080815,-0.2242364116187665,0.43355917592362214
1990-03-01,8.467622683248617,-0.6929472403834688,0.6736685423387261,8.304514736046212,-0.5047545758016543,0.1703408574982636,0.1631079472024055,-0.1881926645818145,0.5033276848404624
1990-04-01,8.461527753378425,-0.7310614060818722,1.171821957143962,8.460894671498579,-0.7098024850253875,0.539733045283677,0.0006330818798456761,-0.021258921056484748,0.632088911860285
1990-05-01,8.844863978861829,-1.0385652526030502,1.493202776452208,8.444323766159966,-0.7207800484767379,0.9762370593795352,0.4005402127018627,-0.3177852041263123,0.5169657170726728
1990-06-01,8.389570888334989,-0.7958127598432571,0.4991716691739829,8.810420944671378,-0.9997043175521805,1.26326692508811,-0.4208500563363895,0.20389155770892342,-0.764095255914127
1990-07-01,8.41318339962539,-0.7045429751525337,0.026797071428722175,8.3840477886789,-0.8134682634645494,0.3807093658182388,0.029135610946489976,0.10892528831201564,-0.3539122943895166
1990-08-01,8.39054255544498,-0.9192035100944059,-0.8632566636698117,8.418918713291449,-0.7517092180597122,-0.03100718463067964,-0.028376157846468075,-0.16749429203469368,-0.832249479039132
1990-09-01,9.064164567663747,-1.633226057600996,-0.978980537418375,8.407755847791604,-0.996481382239131,-0.8201685267017234,0.6564087198721431,-0.6367446753618651,-0.15881201071665163
1990-10-01,8.953492732074652,-1.6544537958499532,-1.1361177554086261,9.05947343137089,-1.6830037054380091,-0.918789546440801,-0.10598069929623755,0.02854990958805592,-0.21732820896782512
1990-11-01,8.908845681025566,-1.7084771369857297,-1.8237238391384405,8.952090594130414,-1.708743157898697,-1.0613599115729269,-0.04324491310484824,0.0002660209129672353,-0.7623639275655136
1990-12-01,8.551518780249777,-1.2768288547666176,-1.8109855663222785,8.919484393416017,-1.7925923538763722,-1.6687718835076177,-0.36796561316623944,0.5157634991097546,-0.14221368281466074
1991-01-01,8.37844331467856,-1.8408218906444258,-1.6289801949482396,8.576108178085624,-1.3812651117695476,-1.6576999704973607,-0.19766486340706457,-0.4595567788748782,0.028719775549121085
1991-02-01,8.36134333105427,-2.38942227158745,-1.5953877648763262,8.385934237067524,-1.8977655358148704,-1.5199123742504281,-0.024590906013253644,-0.4916567357725796,-0.07547539062589803
1991-03-01,8.528401269695218,-2.601309975604199,-0.7888389685960089,8.353778060999943,-2.4098903239660183,-1.506676085230115,0.1746232086952748,-0.19141965163818053,0.7178371166341062
1991-04-01,8.53392813040614,-3.066907148784095,-0.5570357042247762,8.498531616439353,-2.571466532005129,-0.7980639363312865,0.03539651396678778,-0.495440616778966,0.24102823210651025
1991-05-01,8.539779833310687,-3.2674703198756756,-0.877622497625657,8.48724424347259,-2.996402609319685,-0.6074647763780067,0.05253558983809725,-0.27106771055599044,-0.27015772124765036
1991-06-01,8.754312846944057,-3.3081999047498525,-1.3029120539905172,8.493854561886739,-3.2003005134486275,-0.8947474078757485,0.26045828505731805,-0.10789939130122495,-0.40816464611476877
1991-07-01,8.852889992044448,-3.451303501252479,-0.9387789454586111,8.713778288243745,-3.2632242497308317,-1.2621961200620737,0.1391117038007028,-0.18807925152164717,0.32341717460346264
1991-08-01,8.834005720350886,-3.3551367568559143,-1.6737701440136872,8.800849590685804,-3.381030931290532,-0.9428274200788554,0.03315612966508219,0.0258941744346175,-0.7309427239348317
1991-09-01,8.60198306207618,-3.3444933320755004,-2.52388492703876,8.79869514416077,-3.326930543598688,-1.5866898252794681,-0.19671208208459134,-0.017562788476812585,-0.9371951017592921
1991-10-01,8.265728477562346,-3.1633029355377897,-2.7614438493314966,8.584972444730658,-3.354962091720767,-2.3416128179202067,-0.3192439671683118,0.19165915618297724,-0.41983103141128986
1991-11-01,8.437623048598947,-3.6383184619190243,-3.6917715489537146,8.260644927000623,-3.1910769049100307,-2.5569447628549415,0.17697812159832438,-0.4472415570089936,-1.134826786098773
1991-12-01,8.409877542168354,-3.9961584430063524,-4.120173369727285,8.436386708969023,-3.6851939706775725,-3.382159392719183,-0.026509166800668282,-0.3109644723287799,-0.7380139770081016
1992-01-01,8.055271170085875,-4.146139941598176,-4.581815252351842,8.40754675217736,-4.0412204915476435,-3.769866731720649,-0.3522755820914849,-0.1049194500505326,-0.8119485206311934
1992-02-01,8.584360771632138,-4.927682988445834,-3.6920610098722837,8.06050637478018,-4.198431748731363,-4.192247993764592,0.5238543968519576,-0.729251239714471,0.5001869838923079
1992-03-01,8.548509105276528,-4.797198624681313,-2.9835648990488473,8.547813376434728,-4.895996510792651,-3.4141695840147057,0.0006957288417996921,0.09879788611133833,0.43060468496585846
1992-04-01,8.556226506873173,-4.968003994251917,-2.3854494994817315,8.502168566270434,-4.738065644229881,-2.7890203153199438,0.05405794060273905,-0.229938350022036,0.4035708158382123
1992-05-01,8.781207385407695,-5.559137640674492,-2.9540200591564636,8.493876625669019,-4.868682666954229,-2.2679768065733614,0.2873307597386763,-0.6904549737202625,-0.6860432525831022
1992-06-01,8.573751690804837,-5.094708667496457,-3.1747349153955997,8.712309696592412,-5.454645993741777,-2.77672643132563,-0.1385580057875746,0.35993732624532004,-0.3980084840699698
1992-07-01,8.404927955318067,-4.945151527507475,-4.28585739456161,8.522978819083946,-5.026748119317134,-2.9646598851435337,-0.11805086376587859,0.08159659180965928,-1.3211975094180763
1992-08-01,8.045080197308758,-4.912429107763141,-4.4896456899172685,8.380636181002345,-4.938610522015501,-3.9427937244879354,-0.3355559836935864,0.026181414252359758,-0.5468519654293331
1992-09-01,7.985158297714687,-4.696816628934503,-5.573563374741051,8.028315456898723,-4.911772063991238,-4.133515497365786,-0.04315715918403562,0.2149554350567353,-1.4400478773752647
1992-10-01,7.7977604902186926,-4.919040632623959,-6.078684197931012,7.995268950165862,-4.762282050345784,-5.0820509757906835,-0.19750845994716926,-0.15675858227817496,-0.9966332221403285
1992-11-01,8.228510721394107,-5.169471800240472,-4.35367110218814,7.813065625874683,-4.992245306379833,-5.538875738040635,0.41544509551942443,-0.1772264938606387,1.1852046358524948
1992-12-01,8.152146884733163,-5.051008347221869,-3.207413909079146,8.200922990917556,-5.149105035412483,-4.014963864685882,-0.04877610618439299,0.09809668819061379,0.8075499556067358
1993-01-01,7.8765486796907185,-4.951991213410296,-3.5836030069116047,8.106399844429493,-4.980088565052513,-3.006841616942184,-0.22985116473877465,0.028097351642216495,-0.5767613899694206
1993-02-01,7.656240455379615,-4.720228074288726,-4.217861168133729,7.842730421992863,-4.901115144939083,-3.3442436249675898,-0.18648996661324801,0.18088707065035692,-0.8736175431661395
1993-03-01,7.282473783222377,-4.1518916827445365,-4.968606300487247,7.642373304898503,-4.711469508139537,-3.902726204219123,-0.3598995216761258,0.5595778253950003,-1.065880096268124
1993-04-01,7.346609656773105,-4.33230801506522,-4.596949182666774,7.300886833546993,-4.209521427737565,-4.559313122650374,0.045722823226111764,-0.12278658732765457,-0.03763606001639985
1993-05-01,7.263227707320547,-4.1733560134131364,-5.227390379197873,7.352648768094592,-4.361322752791063,-4.2356008083829515,-0.0894210607740451,0.1879667393779263,-0.9917895708149214
1993-06-01,7.160680161309378,-3.9578280306120335,-4.020900259151359,7.286161160090596,-4.242097182266851,-4.788033364418681,-0.1254809987812182,0.28426915165481725,0.7671331052673223
1993-07-01,6.748944275510511,-3.6749260584045356,-3.586875485900596,7.1670792585031835,-3.9786901053327783,-3.725112434632631,-0.4181349829926724,0.30376404692824277,0.13823694873203518
1993-08-01,6.670068400573347,-3.6032105952865554,-2.784901890433473,6.757724063260067,-3.6849732183834076,-3.3499416585640738,-0.08765566268672043,0.08176262309685223,0.565039768130601
1993-09-01,6.307128789954152,-3.2227140475830383,-3.2072142730884114,6.6660427708494865,-3.5767438301798884,-2.645820904192413,-0.3589139808953341,0.35402978259685014,-0.5613933688959984
1993-10-01,6.122751697712814,-3.1293083255580423,-2.8299194814850144,6.324048022123708,-3.234764699721543,-3.018756098497257,-0.20129632441089385,0.10545637416350084,0.1888366170122424
1993-11-01,6.277569999901058,-3.184863127881134,-2.4024582431199057,6.136361432298213,-3.125376309453849,-2.690929236246616,0.1412085676028445,-0.059486818427285204,0.28847099312671043
1993-12-01,6.60095969955009,-3.4666378899494465,-2.7297983554561704,6.280353396210138,-3.158988350605333,-2.311437653479254,0.320606303339952,-0.30764953934411343,-0.41836070197691644
1994-01-01,6.702944603165025,-3.6436991157322276,-2.489695494318749,6.600034730318035,-3.444838749115708,-2.5958981060328425,0.10290987284698971,-0.19886036661651962,0.10620261171409373
1994-02-01,6.485534667511092,-3.457965715033245,-2.456471528593516,6.691955543258836,-3.6006587076429812,-2.386386825799784,-0.20642087574774415,0.14269299260973645,-0.07008470279373213
1994-03-01,6.952315801701386,-3.6052873633064815,-1.6512667585867626,6.480508341448129,-3.4211914726339465,-2.359461858653555,0.4718074602532569,-0.18409589067253496,0.7081951000667923
1994-04-01,7.746104266129154,-4.313407211799069,-0.5177653858147744,6.924417189386187,-3.5275377426111163,-1.6397258854784873,0.8216870767429674,-0.7858694691879524,1.121960499663713
1994-05-01,7.579790720967706,-3.7497796280167224,-0.27256669934887406,7.671679395125468,-4.148844989249117,-0.636091821531624,-0.09188867415776159,0.39906536123239444,0.36352512218274996
1994-06-01,7.507756982017306,-3.350320293699378,-0.05201320788475544,7.516907836210991,-3.605666358304442,-0.41028013339099373,-0.009150854193684665,0.2553460646050638,0.3582669255062383
1994-07-01,7.716859281272586,-3.566210287925542,0.10279412644308472,7.451808494146472,-3.219183275948165,-0.2075335730314804,0.2650507871261141,-0.34702701197737706,0.3103276994745651
1994-08-01,7.510307817811649,-3.2068245899449748,-0.21570735885106104,7.650621891721046,-3.4174676077929753,-0.0703578509797248,-0.14031407390939687,0.21064301784800055,-0.14534950787133624
1994-09-01,7.511714140824662,-3.1068058797124247,-0.026374837329617207,7.461270278184812,-3.092854827598244,-0.34720469350319505,0.05044386263984979,-0.013951052114180573,0.32082985617357784
1994-10-01,7.945210522414733,-3.0999887851036196,0.25509458528455176,7.4617024961230864,-2.989791554099242,-0.177898425879697,0.4835080262916467,-0.11019723100437773,0.43299301116424876
1994-11-01,8.158721083163758,-3.1779264955632147,0.47940453496167756,7.886670395775305,-2.9770166544669228,0.08479483271008537,0.27205068738845384,-0.20090984109629195,0.3946097022515922
1994-12-01,7.856450654690583,-2.4293332569568284,2.0143057346588766,8.09218883176225,-3.0426683675212423,0.2871528497317286,-0.2357381770716671,0.6133351105644138,1.727152884927148
1995-01-01,7.616855468255116,-1.878986253836898,2.884371522012313,7.7827837168699165,-2.260026926912979,1.6469775922524534,-0.16592824861480082,0.38104067307608114,1.2373939297598597
1995-02-01,7.539593858840875,-1.719365229479141,1.6605107991755708,7.543010227691319,-1.697121800503848,2.419022649941108,-0.0034163688504440515,-0.022243428975293078,-0.7585118507655373
1995-03-01,7.274849773313171,-1.5631364439411324,0.46464685938902794,7.493944980878237,-1.6067189390081094,1.345290522392132,-0.21909520756506584,0.04358249506697698,-0.8806436630031041
1995-04-01,7.219312666829952,-1.5367894450031554,0.41947854826613873,7.258214879197714,-1.5148532851802679,0.28952466174207137,-0.0389022123677627,-0.021936159822887547,0.12995388652406736
1995-05-01,7.187990804009211,-1.4636372046623811,-0.010689214759626475,7.20466606697391,-1.491432619901575,0.24864370734427543,-0.016675262964699122,0.027795415239193932,-0.2593329221039019
1995-06-01,6.470521099993138,-0.7354214726675322,-1.6496344202825164,7.18373885574787,-1.4436097445029408,-0.12841399919275684,-0.7132177557547319,0.7081882718354086,-1.5212204210897595
1995-07-01,6.431203919798038,-0.8610395269209578,-1.0695652909561773,6.522392656197119,-0.8297900471969626,-1.5730242886154748,-0.0911887363990811,-0.031249479723995166,0.5034589976592976
1995-08-01,6.738744859582958,-1.2513553725238529,-0.9767512961638968,6.468970684132637,-0.9181380958221701,-1.0681897566745526,0.2697741754503209,-0.3332172767016828,0.09143846051065585
1995-09-01,6.466091342474924,-1.0403505103605475,-0.9582724473042386,6.762024322780965,-1.284649217054987,-0.9870511783696484,-0.2959329803060413,0.24429870669443954,0.028778731065409846
1995-10-01,6.34248843507487,-0.8765020406050772,-0.6866996814737943,6.496710126064654,-1.0812699210954542,-0.9742899769250829,-0.15422169098978422,0.20476788049037697,0.28759029545128856
1995-11-01,6.183128455612919,-0.6923157178646615,-1.2890241014730224,6.373216801981475,-0.9121545571761185,-0.7352425940065487,-0.19008834636855632,0.21983883931145698,-0.5537815074664737
1995-12-01,5.9544414632477825,-0.41480954066494724,-1.6084993419620108,6.231467811834959,-0.7665720731650594,-1.2648939050992287,-0.27702634858717623,0.35176253250011214,-0.3436054368627821
1996-01-01,5.813456383207247,-0.5463692171999437,-1.3979937073401971,6.017998479030813,-0.5183506090418324,-1.5457106968281282,-0.20454209582356597,-0.028018608158111302,0.1477169894879311
1996-02-01,5.95166810353623,-0.8281279927114295,-2.270688600264038,5.870589945307675,-0.6287742296899093,-1.3693879725789624,0.08107815822855535,-0.1993537630215202,-0.9013006276850755
1996-03-01,6.31205114924641,-1.4020059254065078,-1.5016505005714942,6.016931727413647,-0.9383590789050982,-2.1395996213236175,0.2951194218327631,-0.46364684650140964,0.6379491207521233
1996-04-01,6.548440819099287,-1.6160754776517772,-0.32611823126138506,6.344641282754539,-1.4443629647110199,-1.4675612509369023,0.20379953634474823,-0.1717125129407573,1.1414430196755172
1996-05-01,6.850789125263744,-2.036202359878832,0.18466738375509145,6.551089649492607,-1.5909428404030221,-0.43230771110743066,0.29969947577113665,-0.4452595194758098,0.6169750948625221
1996-06-01,6.980100397857044,-2.1693286731252965,0.746618294593233,6.830218971407985,-1.9646313128036568,0.015135320909813732,0.14988142644905977,-0.20469736032163977,0.7314829736834193
1996-07-01,6.830905607833968,-1.8928364857219666,0.39858558905742436,6.944275200223318,-2.0638407695225602,0.5097158127785966,-0.11336959238935052,0.17100428380059363,-0.1111302237211722
1996-08-01,6.737445183635467,-1.742877525631144,0.3054791599662382,6.810205013263537,-1.8193626530393028,0.20654580015167956,-0.07275982962806982,0.07648512740815883,0.09893335981455864
1996-09-01,6.95913284138631,-1.9306832420888298,0.7570022895107319,6.72321758281102,-1.6818191557454598,0.12574602208649766,0.2359152585752904,-0.24886408634336998,0.6312562674242342
1996-10-01,6.75671465371539,-1.8849745097201602,0.3184111298395784,6.929598395015532,-1.8393329464887969,0.524935542246347,-0.17288374130014184,-0.04564156323136337,-0.20652441240676855
1996-11-01,6.541980808494417,-1.5455938011526205,-0.3214795827005712,6.738324152024805,-1.8146708465036248,0.13371979200308304,-0.19634334353038785,0.2690770453510043,-0.45519937470365424
1996-12-01,6.1958228193193605,-1.1836625735246737,-0.3458029348660234,6.54645959594451,-1.5245542029230563,-0.426440618984244,-0.3506367766251497,0.3408916293983826,0.08063768411822059
1997-01-01,6.608933382787977,-1.6776647319347346,0.1735996606179973,6.213025504720638,-1.1805841412133058,-0.4495448532709547,0.39590787806733907,-0.49708059072142885,0.623144513888952
1997-02-01,6.547316067075647,-1.6599232243397102,0.11105315751927049,6.5999417066321895,-1.6249979547748834,0.007223347895152221,-0.05262563955654276,-0.03492526956482678,0.10382980962411827
1997-03-01,6.645301312097919,-1.753907966506196,0.6050880654989248,6.540463115998273,-1.6103950109025649,-0.04938887102430106,0.10483819609964584,-0.1435129556036312,0.6544769365232259
1997-04-01,6.916539810166369,-1.9837702987086336,1.0972543592530388,6.6257689924128975,-1.6757397065066901,0.3855293855938071,0.29077081775347136,-0.3080305922019435,0.7117249736592317
1997-05-01,6.73093166150359,-1.7132312817215427,0.8425739829230933,6.879428261895759,-1.8715151012804576,0.8209647127637872,-0.1484966003921695,0.1582838195589149,0.021609270159306027
1997-06-01,6.695526382383295,-1.8195781309423598,0.9528169159214985,6.707284402840388,-1.6273668922431124,0.5983974059273746,-0.011758020457093288,-0.1922112386992474,0.35441950999412397
1997-07-01,6.516109489216755,-1.7227166459150967,0.8284945401847216,6.667226564800849,-1.720956110107857,0.6910084778216866,-0.15111707558409382,-0.0017605358072396715,0.13748606236303496
1997-08-01,6.242266131361147,-1.242006893131733,0.45604702729542523,6.494132042054948,-1.6332194449223403,0.5782563446792636,-0.2518659106938017,0.3912125517906073,-0.12220931738383833
1997-09-01,6.359751301801592,-1.4177214677514667,0.5607959010973577,6.242253201515892,-1.196414631121653,0.2551203600294557,0.11749810028570007,-0.22130683662981365,0.30567554106790196
1997-10-01,6.115267078508476,-1.2196414837088478,0.4626296858201163,6.352175343666631,-1.357934921972924,0.3462539056264,-0.23690826515815466,0.13829343826407614,0.1163757801937163
1997-11-01,5.96069156073397,-0.920491184034615,0.41598250371264145,6.116698388833684,-1.172924524949874,0.2571137842802188,-0.15600682809971378,0.25243334091525904,0.15886871943242264
1997-12-01,5.808696816095732,-0.6921162524846309,0.7650989792807095,5.972134685549475,-0.8922175829541328,0.21927951239807852,-0.16343786945374283,0.20010133046950185,0.5458194668826309
1998-01-01,5.615695568756311,-0.4457489252293907,0.3322700607836107,5.820698158818323,-0.6583080715839553,0.5273316766806263,-0.20500259006201205,0.21255914635456463,-0.1950616158970156
1998-02-01,5.590436197371594,-0.40311967482541866,-0.2644881670636065,5.643978903197021,-0.44549130643708057,0.14724758165361312,-0.05354270582542675,0.04237163161166191,-0.41173574871721963
1998-03-01,5.708412639584179,-0.5683215235670065,0.23781240795574626,5.631439273264076,-0.43461380513088876,-0.376881122830344,0.07697336632010376,-0.13370771843611773,0.6146935307860902
1998-04-01,5.578833502026107,-0.6281036317092076,0.6477521952381204,5.734536395853714,-0.5666332885188159,0.063962238439975,-0.15570289382760638,-0.061470343190391685,0.5837899567981455
1998-05-01,5.62927500645286,-0.6421970612071725,0.6749541461659279,5.596541067588443,-0.6001320946921493,0.41801036523474466,0.03273393886441767,-0.04206496651502312,0.2569437809311832
1998-06-01,5.532818652769706,-0.4864944031883705,0.5410077225924596,5.645701449219432,-0.6128700432868808,0.4432740666709616,-0.11288279644972654,0.12637564009851027,0.09773365592149796
1998-07-01,5.425551535112479,-0.4023874813865707,0.5969004405955024,5.556673271188274,-0.4719116356902204,0.32664141151322723,-0.13112173607579436,0.06952415430364967,0.27025902908227517
1998-08-01,5.415979793149663,-0.4001114473045554,0.5933976654942119,5.451394125654892,-0.3884692728691595,0.3744257752025394,-0.03541433250522896,-0.011642174435395891,0.21897189029167252
1998-09-01,5.165833645750582,-0.2538872697953088,-0.35233763543105534,5.442023247374053,-0.38634335535824155,0.37107843064825297,-0.2761896016234706,0.13245608556293276,-0.7234160660793083
1998-10-01,4.403594875446197,0.1111060958679595,-0.8281494746710278,5.215737304874742,-0.2917381274070905,-0.4646363086447568,-0.8121424294285449,0.40284422327505,-0.36351316602627104
1998-11-01,4.932304319514698,-0.3223800158658645,-1.2020703929201795,4.478125417733587,0.040005032935491715,-0.8989663953750372,0.45417890178111087,-0.36238504880135625,-0.3031039975451423
1998-12-01,4.817290163892396,-0.22324864911904085,-0.8553089810969725,4.9984139162318195,-0.39388160449267523,-1.2215394335711567,-0.18112375233942313,0.17063295537363438,0.3662304524741842
1999-01-01,4.802669157756002,-0.29407078278991455,-0.2982776658319628,4.880291556924538,-0.2818427035486986,-0.9179630357713653,-0.0776223991685363,-0.012228079241215939,0.6196853699394025
1999-02-01,4.838483092768135,-0.3999541037238969,-0.038043804302986706,4.853268624923908,-0.32041076804895935,-0.4309465900569019,-0.014785532155773495,-0.07954333567493754,0.3929027857539152
1999-03-01,5.443459586169294,-1.025539914645184,0.7492263749595776,4.881030373205207,-0.4073862192528151,-0.2040162412333083,0.5624292129640871,-0.618153695392369,0.9532426161928859
1999-04-01,5.450117284676357,-1.334670847027782,0.5968433382072414,5.449732706460968,-0.9651924623347634,0.4911014667870576,0.0003845782153888422,-0.3694783846930185,0.10574187142018387
1999-05-01,5.475535626811987,-1.167614862083892,0.35075035642356145,5.451052263014101,-1.262523836062163,0.34856934089127944,0.02448336379788607,0.09490897397827092,0.0021810155322820046
1999-06-01,5.932333633532482,-1.5339412174725764,0.9501326095258915,5.4854037650517355,-1.1185892281439098,0.13795300018886975,0.4469298684807468,-0.41535198932866657,0.8121796093370217
1999-07-01,5.952077494837305,-1.5015612406519119,0.8956479049579238,5.91752949793834,-1.4401646641950732,0.6701880274439884,0.03454799689896504,-0.061396576456838714,0.22545987751393537
1999-08-01,6.088215665662248,-1.7516843412657708,1.0775858132141163,5.939020434399463,-1.4128591748561063,0.6239186457236221,0.14919523126278467,-0.3388251664096644,0.4536671674904942
1999-09-01,6.152292497436171,-1.487653312576879,0.8183785048513232,6.064005204899507,-1.640613511889863,0.7814132684601737,0.08828729253666356,0.1529601993129841,0.03696523639114957
1999-10-01,6.1282537545029685,-1.6269051345063734,1.1067079783600544,6.139539561798221,-1.407125547052508,0.5633937158489086,-0.011285807295252859,-0.2197795874538655,0.5433142625111458
1999-11-01,6.153646894194077,-1.3064507408766175,0.7959250087834483,6.106487774426636,-1.5229408701244764,0.8119733322005543,0.04715911976744103,0.21649012924785893,-0.016048323417106047
1999-12-01,6.209415523531759,-1.0463856444364725,0.785997173036775,6.146116923603319,-1.2384578827002124,0.548889931504501,0.06329859992843989,0.19207223826373987,0.23710724153227392
2000-01-01,6.535244776460915,-1.2038872855333544,1.1566469969649793,6.2085418313466265,-0.996215647017006,0.5495486307807675,0.3267029451142882,-0.2076716385163484,0.6070983661842118
2000-02-01,6.44646241785284,-1.0302618329201594,1.8358237274517835,6.5206109513156365,-1.1311403735316046,0.8821624756739764,-0.0741485334627967,0.10087854061144519,0.953661251777807
2000-03-01,6.351072187116854,-0.8395462510363514,1.5863939793239996,6.424146357827574,-0.9333130077487621,1.480931030793554,-0.07307417071072031,0.09376675671241075,0.10546294853044569
2000-04-01,5.8691582066659125,-0.12068146603747854,1.7075811734653872,6.339309635686703,-0.7652735791409375,1.2638433579733825,-0.4701514290207909,0.644592113103459,0.44373781549200464
2000-05-01,5.996429380005985,-0.36006398416721186,2.6357681377100026,5.877849484049048,-0.07727416519861863,1.374093748966422,0.11857989595693663,-0.28278981896859323,1.2616743887435806
2000-06-01,5.863857214201023,-0.2892650669549963,2.6773215698069426,5.980070608790328,-0.25790926292057054,2.1874340714059666,-0.11621339458930535,-0.03135580403442578,0.489887498400976
2000-07-01,5.7683574684671965,0.0875588061862958,1.5322282838261754,5.849602012310376,-0.1872069881365932,2.221352624097039,-0.08124454384317925,0.274765794322889,-0.6891243402708636
2000-08-01,5.784225123775537,0.4167802448345309,0.821036766029791,5.786694045753313,0.1109442550305976,1.2224216281009683,-0.0024689219777762617,0.30583598980393334,-0.4013848620711773
2000-09-01,5.635024991460626,0.6592068476667057,0.2730665461429514,5.824749255232804,0.38400883074413267,0.6073538127630037,-0.18972426377217833,0.275198016922573,-0.3342872666200523
2000-10-01,5.770097847973276,0.6079706104766562,-0.37187965377229865,5.693588321232771,0.58667835529096,0.12749239017096303,0.07650952674050515,0.02129225518569622,-0.4993720439432617
2000-11-01,5.714656154378165,0.8285432859732547,-0.7798222729040678,5.838578882454107,0.5044279877596902,-0.4360767515020538,-0.12392272807594207,0.32411529821356444,-0.343745521402014
2000-12-01,5.498265765852275,0.946589507853836,-1.1026522903970815,5.797201878320366,0.6919137686113697,-0.7902270670452052,-0.29893611246809115,0.25467573924246634,-0.3124252233518763
2001-01-01,5.10888480325414,0.89224289239955,-2.140140271431858,5.591770497840022,0.7903288314215904,-1.078123739949941,-0.4828856945858817,0.10191406097795963,-1.062016531481917
2001-02-01,5.353845292805261,-0.32568340659536976,-1.989609139705311,5.223754605551278,0.6948650136960326,-2.005070939151621,0.13009068725398265,-1.0205484202914024,0.015461799446309765
2001-03-01,5.279438382595523,-0.37658759062579017,-2.1648794426253875,5.431662763156629,-0.44324284309328643,-1.8990605564579197,-0.15222438056110565,0.06665525246749626,-0.26581888616746774
2001-04-01,5.4288507317008925,-1.1980225812050396,-2.0735084298480073,5.359825264582221,-0.4983182144337553,-2.057150686881592,0.06902546711867164,-0.6997043667712843,-0.016357742966415234
2001-05-01,5.812585193328961,-2.04943288862989,-1.911083788562459,5.484562998487771,-1.2661469736131743,-1.9951280395612185,0.3280221948411901,-0.7832859150167157,0.08404425099875956
2001-06-01,5.900469396664784,-2.6483197317731104,-1.2342177680763067,5.839668800748402,-2.0626225624069643,-1.8633401953210287,0.06080059591638154,-0.5856971693661461,0.629122427244722
2001-07-01,5.886830415375397,-2.5426078056343937,-1.6288222377869068,5.89807256002472,-2.591885289140248,-1.2825318507264103,-0.011242144649322938,0.04927748350585448,-0.34629038706049653
2001-08-01,5.742378608915195,-2.3726995489981775,-2.5455595619928344,5.894876455293954,-2.512100038426714,-1.6267861944303537,-0.15249784637875852,0.13940048942853656,-0.9187733675624807
2001-09-01,5.709660305875288,-2.3683283142090836,-2.6359596392094176,5.773546096277302,-2.3957032987255853,-2.432650363110005,-0.06388579040201403,0.027374984516501666,-0.20330927609941263
2001-10-01,5.529465455218372,-3.112632171255724,-3.9957186499635964,5.742921567636255,-2.39550875612823,-2.5131159542801766,-0.21345611241788287,-0.7171234151274937,-1.4826026956834197
2001-11-01,5.283788736064899,-3.2876216598300014,-4.000373953632478,5.570342048124086,-3.1570882196015377,-3.735727652955657,-0.286553312059187,-0.1305334402284637,-0.2646463006768207
2001-12-01,5.7470433755214065,-4.279700318240534,-3.144083457867008,5.322004142996828,-3.317029475743202,-3.7533962913888512,0.4250392325245782,-0.9626708424973325,0.6093128335218432
2002-01-01,6.2164013550498085,-5.052866013237244,-2.11454075527767,5.739039187719206,-4.2123940712341845,-3.0130463771989784,0.4773621673306021,-0.8404719420030595,0.8985056219213083
2002-02-01,6.027171607083012,-4.68088564892602,-2.508593228061298,6.164626902787875,-4.894158597751258,-2.1139582406716593,-0.13745529570486248,0.21327294882523784,-0.39463498738963887
2002-03-01,5.973165536707438,-4.619111620726518,-2.13621149626969,5.9942403602710845,-4.5617803659740845,-2.4562391436986912,-0.021074823563646206,-0.057331254752433836,0.32002764742900114
2002-04-01,6.2736406603080415,-4.995802358176961,-0.7614239866754391,5.935177035056982,-4.484541364787407,-2.1290857201125073,0.3384636252510598,-0.5112609933895547,1.3676617334370682
2002-05-01,6.016959285122548,-4.777420775577838,-1.9529932136068333,6.197101165642728,-4.774771095073348,-0.9211296741708555,-0.1801418805201802,-0.002649680504489993,-1.0318635394359779
2002-06-01,5.91445960553782,-4.551210759087361,-2.2694622193455203,5.970937743662859,-4.624590954132873,-1.971062170217512,-0.05647813812503877,0.07338019504551152,-0.2984000491280083
2002-07-01,5.812118731146999,-4.456906744037663,-3.098685419157302,5.881267521030953,-4.426481798383584,-2.2463008464206884,-0.06914878988395401,-0.030424945654078606,-0.8523845727366135
2002-08-01,5.655538192218171,-3.8674308948787557,-5.66841284675597,5.798048414633865,-4.377336578700256,-2.9759453015100843,-0.14251022241569355,0.5099056838215006,-2.692467545245886
2002-09-01,5.12919094547732,-3.196895018249283,-5.6617140647414255,5.7073714533071405,-3.9492971070370464,-5.222978709845982,-0.5781805078298206,0.7524020887877634,-0.43873535489544313
2002-10-01,4.804551546411718,-2.873613501312309,-5.571157054688221,5.202724533853959,-3.3114750354773963,-5.216280176526947,-0.3981729874422415,0.4378615341650871,-0.35487687816127433
2002-11-01,5.125779612231778,-3.367020829155663,-5.809985562664585,4.887425055220259,-2.99841614750873,-5.138775261792661,0.23835455701151886,-0.36860468164693305,-0.6712103008719241
2002-12-01,5.351361802786689,-4.017564095998366,-4.613137552781989,5.1976597594445195,-3.4781691226299243,-5.351574617147147,0.15370204334216986,-0.5393949733684416,0.7384370643651579
2003-01-01,5.170372046091808,-3.7053623868763323,-5.528951605488123,5.381403542216978,-4.032518405546521,-4.310447863804959,-0.21103149612516958,0.32715601867018895,-1.2185037416831639
2003-02-01,5.214422566803698,-3.7659320097041804,-5.68819144670595,5.227571610937159,-3.782100743916105,-5.112705935983765,-0.013149044133460741,0.01616873421192455,-0.575485510722185
2003-03-01,4.829213014639857,-3.219594982190303,-6.068201468019765,5.272717952525021,-3.847498754383332,-5.252850567124124,-0.4435049378851641,0.627903772193029,-0.8153509008956412
2003-04-01,5.020673771005994,-3.5497665999818504,-6.196995824715896,4.912214107558659,-3.3476350103484216,-5.584641955956275,0.10845966344733426,-0.2021315896334288,-0.6123538687596204
2003-05-01,5.0814562702109045,-3.5733688908618033,-6.401558343389392,5.095906840449959,-3.66672746361443,-5.70059626481812,-0.014450570239054272,0.09335857275262649,-0.7009620785712718
2003-06-01,4.5151913425572605,-2.847941106653518,-6.328785581570593,5.159502089686871,-3.7000158927276905,-5.878932041553522,-0.6443107471296106,0.8520747860741724,-0.4498535400170711
2003-07-01,4.652298477203772,-3.2931302591384677,-6.010969813221375,4.615438335938948,-3.0067949403186622,-5.813986734005172,0.03686014126482373,-0.28633531881980545,-0.19698307921620284
2003-08-01,5.69176131035857,-4.586451025612978,-5.750693394932825,4.733617798341884,-3.4106399207871028,-5.542619697291724,0.9581435120166857,-1.175811104825875,-0.20807369764110106
2003-09-01,5.920156455599476,-4.916264005163528,-5.273374785552995,5.725822076567177,-4.627775062446098,-5.314591856545502,0.19433437903229933,-0.2884889427174304,0.04121707099250749
2003-10-01,5.238518333103983,-3.899557616623461,-6.558344239340739,5.934600855532422,-4.917202150718191,-4.89655911854038,-0.6960825224284397,1.0176445340947304,-1.6617851208003591
2003-11-01,5.573859823518567,-4.446737018108065,-5.403429689228089,5.309700839875152,-4.0161625512388754,-6.020573359509385,0.26415898364341484,-0.43057446686918954,0.6171436702812958
2003-12-01,5.480132531948887,-4.520818948832192,-4.269580839889051,5.605901064153758,-4.477631943216951,-5.0095140932729,-0.12576853220487116,-0.04318700561524036,0.7399332533838487
