Month,L,S,C
1972-01-01,6.433722469116469,-2.791269342770351,-0.9720884087527886
1972-02-01,6.563507194034366,-3.348082115418706,-0.18679516706116983
1972-03-01,6.660764214066895,-3.3321605413965574,-1.1077739947864718
1972-04-01,6.403028723141158,-2.6994162885201054,1.3114892626379926
1972-05-01,6.439831457894336,-3.1699624494241667,0.4657059535807051
1972-06-01,6.472291182664566,-2.5528343067240122,-0.6795442687884111
1972-07-01,6.244816376985543,-2.080831716750497,0.6336591103699316
1972-08-01,6.361136055938082,-2.560144698529743,0.5893926280876314
1972-09-01,6.670109303224637,-1.910005616018044,-0.3427359991374819
1972-10-01,6.560929416007486,-1.5264936835352756,-0.22711740565279348
1972-11-01,6.48143245184524,-1.5609928822071333,0.05075761874777224
1972-12-01,6.438232838682059,-1.3554705666291686,-0.4622664626020886
1973-01-01,6.3957917096077415,-1.1610193572026148,0.31793129744328796
1973-02-01,6.420817752450419,-0.6313657495711273,0.6157584995436542
1973-03-01,6.375696009095684,-0.5320164021163936,1.2726692426213013
1973-04-01,6.381395533285712,0.4364419743816342,0.8467232573948915
1973-05-01,6.5120382149548535,0.23038512618541732,0.18402226015428602
1973-06-01,6.717366545513594,0.940696933686787,-1.2767708405344034
1973-07-01,6.809348405347587,2.1758894539008145,-2.095103188183247
1973-08-01,7.07688417732693,2.0866369579390667,0.15464796860473662
1973-09-01,6.935927292443765,2.9510963618878043,-2.5599482432041567
1973-10-01,6.805962473385845,1.9201147319172172,-2.8778214201346275
1973-11-01,6.751588853551264,1.7415598467164002,-2.655721296362027
1973-12-01,6.725728679758031,2.0202953417655003,-3.0032859748607073
1974-01-01,6.973561007029953,1.6250249530340002,-3.5228823365764694
1974-02-01,7.331532078459096,0.6929424527998415,-3.9518948055189718
1974-03-01,7.269744336314474,1.1122555485379908,-3.56347990742262
1974-04-01,7.223942615122394,1.7813338860445183,-1.2409373341232035
1974-05-01,7.25954310658181,2.162932803460711,-0.08165054524003512
1974-06-01,7.174686502965562,1.5637767578951343,0.9130321245634587
1974-07-01,7.103730004998147,0.8741281227069712,2.749762997811767
1974-08-01,7.235925377525473,0.9124765577955096,2.8549874375313795
1974-09-01,8.026771614689059,2.5338994781277724,-1.200131138285708
1974-10-01,7.827999263007125,0.2562640482726761,0.3245561391515046
1974-11-01,7.3774802940443625,0.6543956295963523,0.09841259573597153
1974-12-01,7.46409098368734,0.5633219266534041,-1.4087224772544764
1975-01-01,7.229679820403525,-0.052869251700072506,-0.351540081737149
1975-02-01,7.4848140155283716,-1.9592612188589884,-0.32678872833714423
1975-03-01,7.398341580309826,-1.7818735293404406,-0.9778379140314175
1975-04-01,7.488222903031605,-2.1716887019707682,1.5180258042241834
1975-05-01,7.687187889358204,-2.6129544775956743,3.2245480450591915
1975-06-01,8.035387445047025,-3.2553503181796466,0.9493029901700407
1975-07-01,7.496456854103265,-1.713918890866083,1.600134968452787
1975-08-01,8.097529556621947,-1.6490175211761777,0.9779121718464794
1975-09-01,8.24001106897528,-1.4111783075693096,0.09283684230336842
1975-10-01,8.338009646727441,-1.630174382401532,1.057415376943256
1975-11-01,8.10919971799877,-2.8405242921196088,0.5214163826797622
1975-12-01,8.3392471043906,-2.612920509192616,-0.35008759709334325
1976-01-01,8.149580608832869,-2.917611724802969,-0.577928379154444
1976-02-01,8.386323772345134,-3.768817431067664,-1.0235935861111924
1976-03-01,8.066166886614313,-2.786872658212448,0.36313703332028435
1976-04-01,7.87417187839121,-3.011037321543683,0.6509528954173156
1976-05-01,7.837434965010748,-3.048358020526925,0.5217700344103979
1976-06-01,7.948895618072957,-2.5411091307258107,1.1995581680150245
1976-07-01,8.004003924739978,-2.6737602076682214,0.431401570048583
1976-08-01,8.09593527995203,-3.039716308613742,-0.098209776566899
1976-09-01,7.957374813564513,-2.919118569990206,-0.6817545178898435
1976-10-01,7.749973049346983,-2.698649027378994,-1.0751307171956253
1976-11-01,7.842490719418162,-2.9514704605047695,-1.6497742476726542
1976-12-01,7.366419247460152,-2.8965919614723212,-2.2245349615508934
1977-01-01,7.249693384343483,-2.811658908994939,-1.9129577892886052
1977-02-01,7.75356408860547,-3.1246104810798325,-0.39018628976201386
1977-03-01,7.923314888982894,-3.2705650418825227,-1.0125266833921613
1977-04-01,7.368468473345162,-3.036243542816558,0.13064199221715667
1977-05-01,7.815460546124084,-3.1302465396744523,-0.8776343719428932
1977-06-01,7.708567256669102,-2.6032867074931354,-1.2437825271290315
1977-07-01,7.614352422031766,-2.3995929201969948,-1.7165807716650963
1977-08-01,7.722860675038214,-2.030610154772263,-1.3397285971683182
1977-09-01,7.482833899499957,-1.5658576006456424,-1.010484496071665
1977-10-01,7.496564946277673,-1.0843777137406345,-0.973589480751544
1977-11-01,7.6230240160652984,-1.1379898861432136,-0.09158489161664674
1977-12-01,7.5573223920285955,-1.1968868575096734,-0.13886194896956613
1978-01-01,7.8682812374385245,-1.4238039336964035,-0.35914246579337217
1978-02-01,7.9818040337359415,-1.2899796216258164,-0.23616887050539476
1978-03-01,8.07806898267747,-1.424842244964213,0.0035754333591369036
1978-04-01,8.022725216327105,-1.4472449239175855,0.5962668580946782
1978-05-01,8.04585146729045,-1.3191093386327803,1.0633870287928833
1978-06-01,8.166864812378417,-1.1557573293900405,1.1095824544920405
1978-07-01,8.206925787260571,-0.9541056154218926,1.7016496702918542
1978-08-01,8.097471966572012,-0.9170896535410681,1.9764193263895018
1978-09-01,8.006640723680302,-0.16198833566724768,1.0795899587058742
1978-10-01,8.200418134802433,0.6063023179439547,-0.1876726533993044
1978-11-01,8.05871949721284,1.8534033377006092,0.5978659348449136
1978-12-01,8.066895597866454,1.683175904053784,1.1502597200317042
1979-01-01,8.141217242373626,1.9022198985770054,2.625637703688086
1979-02-01,8.140905974060294,1.8066582500724178,1.155470451248968
1979-03-01,8.489531027962865,1.6292669079930437,0.7939272465933584
1979-04-01,8.505648596616634,1.6804388153616285,0.26433133881658255
1979-05-01,8.73894797216344,1.4073066450446037,0.4168208606613537
1979-06-01,8.589181797924118,1.533865673227507,-0.46993707715032973
1979-07-01,8.472071186734752,1.2044280025141294,-1.310027022325968
1979-08-01,8.691383574377824,1.4559546181336998,-1.4315285598363636
1979-09-01,8.750543350873873,2.232243500581936,-0.459524015233051
1979-10-01,8.894260047175091,2.3183576408951856,-0.47101434768217165
1979-11-01,9.888553114103335,3.392957488063325,0.32266266180588316
1979-12-01,9.837074992035015,3.2453977222126364,-2.1984529889895525
1980-01-01,9.992058120073056,3.450559334842522,-2.878267312849249
1980-02-01,10.836189527697485,2.412140500086187,-2.075467995398305
1980-03-01,11.355839670439739,4.599056111977989,1.5077762961283714
1980-04-01,11.099424332971726,5.444341207616096,0.8354589510109541
1980-05-01,10.310391310139542,0.9662589825151251,-1.6940907915649652
1980-06-01,10.45858507542039,-2.086667266734152,-1.5392131303998595
1980-07-01,10.224861177516487,-2.231153836157465,-1.2690270297259771
1980-08-01,10.691685658159056,-1.8340678108806736,-0.8577383829423484
1980-09-01,10.93053898375029,-0.849363643346464,1.1712760065899201
1980-10-01,11.146397124261698,1.0091565096346566,-0.05956592852130349
1980-11-01,11.722909514002733,2.813125536720166,-1.2321596383616396
1980-12-01,11.826159289024888,4.7695741715742965,-2.557756622846193
1981-01-01,11.990277665705678,4.175996041155277,-5.219404095749682
1981-02-01,12.402412183678088,3.6345226399698807,-4.870477463608353
1981-03-01,13.069404740037966,2.8348878027217874,-3.5164663259948865
1981-04-01,12.605214560805893,-0.16857800889225505,0.3953527860977686
1981-05-01,13.082746069718443,2.073261280222717,0.0012015200787716118
1981-06-01,12.535798332125744,3.608416842663999,-1.9484930282590214
1981-07-01,12.930900505896256,2.6206526094381104,-0.3237748938511664
1981-08-01,13.944249407405554,3.00920915477555,-0.7192368205365891
1981-09-01,13.951661757423107,2.8616986490706444,1.7192594031519994
1981-10-01,14.367287150773386,1.1017602901088204,2.564649715220189
1981-11-01,13.935625804409879,-0.8477484525998027,1.4478789394970075
1981-12-01,13.3061607879448,-2.1062442754658908,-0.9349131918460412
1982-01-01,13.64403260362447,-1.3629898535222282,1.4286676942289744
1982-02-01,13.650118102948392,0.8918367842024653,0.9882986758360625
1982-03-01,13.040623216977695,-0.0031837679736560487,1.9006053196615142
1982-04-01,13.293275619586572,0.14505208967059852,1.4902316770014328
1982-05-01,13.081420847727962,0.0748652935399523,1.5034939489909687
1982-06-01,13.09431488818371,-1.1730803840968953,2.683416650448451
1982-07-01,13.43392315173216,-0.4732078887742429,2.8200484023109906
1982-08-01,12.814522920321187,-3.054720314419549,4.146054043842176
1982-09-01,12.457322172608352,-3.6892196548852354,3.908031055343194
1982-10-01,11.267077789193344,-3.6871224718160196,4.719348961831674
1982-11-01,10.673631353794876,-3.141562178662095,2.184410795212191
1982-12-01,11.296175507355054,-3.101148833268765,-0.008992065488384382
1983-01-01,11.150438438748939,-3.52371954620696,-0.49867754336250486
1983-02-01,11.696653014435546,-3.6611645947597355,-1.371458317163162
1983-03-01,11.162610017946841,-3.3218129548558553,-1.7136293356999477
1983-04-01,11.304477794783446,-2.5923562479995477,-1.5225882353092108
1983-05-01,11.121879192861892,-3.115177698210395,-1.8269314782524377
1983-06-01,11.389251574913445,-2.8415854093382027,-0.9323343986525989
1983-07-01,11.476421398254503,-2.732708257673501,-0.6272675908827121
1983-08-01,12.223328823224499,-2.783852372549477,-0.43761920997555975
1983-09-01,12.096229447752934,-2.908724425351025,0.5289519082723007
1983-10-01,11.721825910551695,-3.1579314729086807,0.19933624243289938
1983-11-01,11.99784041653179,-3.6983222201492554,0.19444053855177124
1983-12-01,11.904983057903586,-3.14107342188666,-0.28650190545060167
1984-01-01,12.12371625292182,-3.2421590167825944,-0.13014385443426402
1984-02-01,12.023015140200169,-3.276901187034457,-0.7212271077665451
1984-03-01,12.33392562057045,-3.198935394093343,-0.3867257303759677
1984-04-01,13.01230404595973,-3.3745467195976735,-0.5805692274222742
1984-05-01,13.053487688073467,-3.4357142769370514,0.09292080116434748
1984-06-01,13.49129418227757,-3.469414990984532,1.825907301255172
1984-07-01,13.556971502698115,-3.9140998180453828,3.5666331988880247
1984-08-01,12.550565748281006,-2.2393187653256588,1.8810379759377147
1984-09-01,12.50670076593375,-2.0423826232137476,2.0651678537228806
1984-10-01,12.281734175631433,-2.2742291095565377,1.8481664975470156
1984-11-01,11.580208042853224,-2.8503291544338802,1.6259691075940765
1984-12-01,11.624922991046114,-3.630144510938087,1.4337840567659628
1985-01-01,12.06169567644171,-4.553941072797928,0.19180027880263428
1985-02-01,11.557584086596355,-3.7713888668210647,0.33151930361759896
1985-03-01,12.045448983072182,-3.5668446951376835,0.49482801320374015
1985-04-01,11.976587263256732,-3.9340499981094768,0.2781703089378127
1985-05-01,11.904455560019118,-4.345880462764795,-0.5554960614535442
1985-06-01,10.718215834650348,-4.012368928497167,-0.7636156827411369
1985-07-01,10.909559101377624,-4.387288556601423,-0.8864356306571735
1985-08-01,11.212526909718106,-4.2770750716487385,-0.8428788072129167
1985-09-01,10.88361884499094,-4.069009906813017,-0.6389851618548683
1985-10-01,10.89524065411846,-4.198519419424086,-0.6574121277557449
1985-11-01,10.629433649498877,-3.599335694054447,-1.2487397970167002
1985-12-01,10.283855015056862,-3.0928062688070015,-1.5491995616071506
1986-01-01,9.421419540309655,-2.2076809958328907,-1.6071690442045758
1986-02-01,9.411749220285467,-2.3347142863962573,-1.364933275654142
1986-03-01,8.243706019072592,-1.2184703731117614,-0.649272910215784
1986-04-01,7.671614385749379,-1.3837636607948924,-0.3820968484028206
1986-05-01,7.80566935912939,-1.8212701872576302,-0.17889197935265938
1986-06-01,8.736325716445842,-2.621432920584623,-0.04272833483587274
1986-07-01,8.042415772156016,-2.3478539205552655,-0.3095893567721768
1986-08-01,7.947698686597207,-2.356411873091076,-0.7679901908733446
1986-09-01,7.655195187541535,-2.6240830644007884,-1.441897268209744
1986-10-01,8.035596408014943,-2.9370220250438095,-0.9564019972553257
1986-11-01,7.905516805446019,-2.7330570448173304,-1.517916189142463
1986-12-01,7.745413842169183,-2.318545337645389,-1.6764434850086443
1987-01-01,7.646326742344772,-2.124441977565596,-1.279960136527743
1987-02-01,7.629585200354832,-2.0293611883118596,-1.3227226515760213
1987-03-01,7.503964412612787,-2.0286942161808224,-1.0530284985917335
1987-04-01,7.86500254059736,-2.24223065903016,-0.7449957543061074
1987-05-01,8.526104959189752,-3.0393610312306834,0.9718781804638148
1987-06-01,8.522422562807357,-2.9932251493750144,1.5105144392738545
1987-07-01,8.539588222400402,-3.333080637794075,1.1793996808621916
1987-08-01,9.064538742188246,-3.338709454560434,0.2612036154913221
1987-09-01,9.250091203787333,-3.4138397744899094,0.6034259708682865
1987-10-01,9.84547207791572,-3.2471242250023487,0.5377901302999692
1987-11-01,9.378602922590606,-3.6725578412845534,0.3009496183945011
1987-12-01,9.345676060778436,-3.6017718217012584,0.2087988333552817
1988-01-01,9.107079091197294,-3.113759387145809,0.1167844604569452
1988-02-01,8.585295833220158,-2.719643441123247,-0.4961006733091045
1988-03-01,8.445892382314188,-2.783365900342844,-0.48038329041043565
1988-04-01,8.978181654370223,-3.036744689387844,-0.3353992398502723
1988-05-01,9.214509778686294,-3.038681726312737,-0.4253734218874488
1988-06-01,9.182911284521328,-2.640043191639361,0.07023654116432937
1988-07-01,8.949192279725725,-2.3375737669399204,-0.07565223774340904
1988-08-01,9.119380263774701,-2.179222134563515,0.3351597868395214
1988-09-01,9.180244990458704,-1.8555265229719187,0.7073896425450941
1988-10-01,8.788429136881707,-1.3847582496601305,0.4459828403875111
1988-11-01,8.650187937517268,-1.0752970594056777,-0.17801201947871326
1988-12-01,8.83506494092936,-0.748559580802877,0.587115070848601
1989-01-01,8.984536363072388,-0.5654354831800439,1.1325483112912735
1989-02-01,8.714544825496178,-0.1691984981379634,0.9660318019044936
1989-03-01,8.925171156808466,-0.20109214955191215,1.7115443011361902
1989-04-01,8.708979215571544,0.21694090110067843,2.0177546587728807
1989-05-01,8.746191229562326,-0.03035117682309854,1.5014848681911355
1989-06-01,8.35077522701336,0.30018545259076923,0.5892657392189633
1989-07-01,8.021583803044383,-0.02135871695011174,-0.3128573380947789
1989-08-01,7.756606976220791,0.10613000229869596,-1.3619984663464249
1989-09-01,7.9879510389952015,-0.041658364894341826,0.7451927129585993
1989-10-01,8.035733490628926,0.09760257631500674,0.825956505383383
1989-11-01,7.829178270195658,-0.024572970198064557,-0.10031880182169528
1989-12-01,7.786000579663592,-0.20376022115143738,-0.28785712983262757
1990-01-01,7.900479038372349,-0.14933417001395496,-0.14170571531899778
1990-02-01,8.295569378977861,-0.45509471630241205,0.25245067663359655
1990-03-01,8.467622683248617,-0.6929472403834688,0.6736685423387261
1990-04-01,8.461527753378425,-0.7310614060818722,1.171821957143962
1990-05-01,8.844863978861829,-1.0385652526030502,1.493202776452208
1990-06-01,8.389570888334989,-0.7958127598432571,0.4991716691739829
1990-07-01,8.41318339962539,-0.7045429751525337,0.026797071428722175
1990-08-01,8.39054255544498,-0.9192035100944059,-0.8632566636698117
1990-09-01,9.064164567663747,-1.633226057600996,-0.978980537418375
1990-10-01,8.953492732074652,-1.6544537958499532,-1.1361177554086261
1990-11-01,8.908845681025566,-1.7084771369857297,-1.8237238391384405
1990-12-01,8.551518780249777,-1.2768288547666176,-1.8109855663222785
1991-01-01,8.37844331467856,-1.8408218906444258,-1.6289801949482396
1991-02-01,8.36134333105427,-2.38942227158745,-1.5953877648763262
1991-03-01,8.528401269695218,-2.601309975604199,-0.7888389685960089
1991-04-01,8.53392813040614,-3.066907148784095,-0.5570357042247762
1991-05-01,8.539779833310687,-3.2674703198756756,-0.877622497625657
1991-06-01,8.754312846944057,-3.3081999047498525,-1.3029120539905172
1991-07-01,8.852889992044448,-3.451303501252479,-0.9387789454586111
1991-08-01,8.834005720350886,-3.3551367568559143,-1.6737701440136872
1991-09-01,8.60198306207618,-3.3444933320755004,-2.52388492703876
1991-10-01,8.265728477562346,-3.1633029355377897,-2.7614438493314966
1991-11-01,8.437623048598947,-3.6383184619190243,-3.6917715489537146
1991-12-01,8.409877542168354,-3.9961584430063524,-4.120173369727285
1992-01-01,8.055271170085875,-4.146139941598176,-4.581815252351842
1992-02-01,8.584360771632138,-4.927682988445834,-3.6920610098722837
1992-03-01,8.548509105276528,-4.797198624681313,-2.9835648990488473
1992-04-01,8.556226506873173,-4.968003994251917,-2.3854494994817315
1992-05-01,8.781207385407695,-5.559137640674492,-2.9540200591564636
1992-06-01,8.573751690804837,-5.094708667496457,-3.1747349153955997
1992-07-01,8.404927955318067,-4.945151527507475,-4.28585739456161
1992-08-01,8.045080197308758,-4.912429107763141,-4.4896456899172685
1992-09-01,7.985158297714687,-4.696816628934503,-5.573563374741051
1992-10-01,7.7977604902186926,-4.919040632623959,-6.078684197931012
1992-11-01,8.228510721394107,-5.169471800240472,-4.35367110218814
1992-12-01,8.152146884733163,-5.051008347221869,-3.207413909079146
1993-01-01,7.8765486796907185,-4.951991213410296,-3.5836030069116047
1993-02-01,7.656240455379615,-4.720228074288726,-4.217861168133729
1993-03-01,7.282473783222377,-4.1518916827445365,-4.968606300487247
1993-04-01,7.346609656773105,-4.33230801506522,-4.596949182666774
1993-05-01,7.263227707320547,-4.1733560134131364,-5.227390379197873
1993-06-01,7.160680161309378,-3.9578280306120335,-4.020900259151359
1993-07-01,6.748944275510511,-3.6749260584045356,-3.586875485900596
1993-08-01,6.670068400573347,-3.6032105952865554,-2.784901890433473
1993-09-01,6.307128789954152,-3.2227140475830383,-3.2072142730884114
1993-10-01,6.122751697712814,-3.1293083255580423,-2.8299194814850144
1993-11-01,6.277569999901058,-3.184863127881134,-2.4024582431199057
1993-12-01,6.60095969955009,-3.4666378899494465,-2.7297983554561704
1994-01-01,6.702944603165025,-3.6436991157322276,-2.489695494318749
1994-02-01,6.485534667511092,-3.457965715033245,-2.456471528593516
1994-03-01,6.952315801701386,-3.6052873633064815,-1.6512667585867626
1994-04-01,7.746104266129154,-4.313407211799069,-0.5177653858147744
1994-05-01,7.579790720967706,-3.7497796280167224,-0.27256669934887406
1994-06-01,7.507756982017306,-3.350320293699378,-0.05201320788475544
1994-07-01,7.716859281272586,-3.566210287925542,0.10279412644308472
1994-08-01,7.510307817811649,-3.2068245899449748,-0.21570735885106104
1994-09-01,7.511714140824662,-3.1068058797124247,-0.026374837329617207
1994-10-01,7.945210522414733,-3.0999887851036196,0.25509458528455176
1994-11-01,8.158721083163758,-3.1779264955632147,0.47940453496167756
1994-12-01,7.856450654690583,-2.4293332569568284,2.0143057346588766
1995-01-01,7.616855468255116,-1.878986253836898,2.884371522012313
1995-02-01,7.539593858840875,-1.719365229479141,1.6605107991755708
1995-03-01,7.274849773313171,-1.5631364439411324,0.46464685938902794
1995-04-01,7.219312666829952,-1.5367894450031554,0.41947854826613873
1995-05-01,7.187990804009211,-1.4636372046623811,-0.010689214759626475
1995-06-01,6.470521099993138,-0.7354214726675322,-1.6496344202825164
1995-07-01,6.431203919798038,-0.8610395269209578,-1.0695652909561773
1995-08-01,6.738744859582958,-1.2513553725238529,-0.9767512961638968
1995-09-01,6.466091342474924,-1.0403505103605475,-0.9582724473042386
1995-10-01,6.34248843507487,-0.8765020406050772,-0.6866996814737943
1995-11-01,6.183128455612919,-0.6923157178646615,-1.2890241014730224
1995-12-01,5.9544414632477825,-0.41480954066494724,-1.6084993419620108
1996-01-01,5.813456383207247,-0.5463692171999437,-1.3979937073401971
1996-02-01,5.95166810353623,-0.8281279927114295,-2.270688600264038
1996-03-01,6.31205114924641,-1.4020059254065078,-1.5016505005714942
1996-04-01,6.548440819099287,-1.6160754776517772,-0.32611823126138506
1996-05-01,6.850789125263744,-2.036202359878832,0.18466738375509145
1996-06-01,6.980100397857044,-2.1693286731252965,0.746618294593233
1996-07-01,6.830905607833968,-1.8928364857219666,0.39858558905742436
1996-08-01,6.737445183635467,-1.742877525631144,0.3054791599662382
1996-09-01,6.95913284138631,-1.9306832420888298,0.7570022895107319
1996-10-01,6.75671465371539,-1.8849745097201602,0.3184111298395784
1996-11-01,6.541980808494417,-1.5455938011526205,-0.3214795827005712
1996-12-01,6.1958228193193605,-1.1836625735246737,-0.3458029348660234
1997-01-01,6.608933382787977,-1.6776647319347346,0.1735996606179973
1997-02-01,6.547316067075647,-1.6599232243397102,0.11105315751927049
1997-03-01,6.645301312097919,-1.753907966506196,0.6050880654989248
1997-04-01,6.916539810166369,-1.9837702987086336,1.0972543592530388
1997-05-01,6.73093166150359,-1.7132312817215427,0.8425739829230933
1997-06-01,6.695526382383295,-1.8195781309423598,0.9528169159214985
1997-07-01,6.516109489216755,-1.7227166459150967,0.8284945401847216
1997-08-01,6.242266131361147,-1.242006893131733,0.45604702729542523
1997-09-01,6.359751301801592,-1.4177214677514667,0.5607959010973577
1997-10-01,6.115267078508476,-1.2196414837088478,0.4626296858201163
1997-11-01,5.96069156073397,-0.920491184034615,0.41598250371264145
1997-12-01,5.808696816095732,-0.6921162524846309,0.7650989792807095
1998-01-01,5.615695568756311,-0.4457489252293907,0.3322700607836107
1998-02-01,5.590436197371594,-0.40311967482541866,-0.2644881670636065
1998-03-01,5.708412639584179,-0.5683215235670065,0.23781240795574626
1998-04-01,5.578833502026107,-0.6281036317092076,0.6477521952381204
1998-05-01,5.62927500645286,-0.6421970612071725,0.6749541461659279
1998-06-01,5.532818652769706,-0.4864944031883705,0.5410077225924596
1998-07-01,5.425551535112479,-0.4023874813865707,0.5969004405955024
1998-08-01,5.415979793149663,-0.4001114473045554,0.5933976654942119
1998-09-01,5.165833645750582,-0.2538872697953088,-0.35233763543105534
1998-10-01,4.403594875446197,0.1111060958679595,-0.8281494746710278
1998-11-01,4.932304319514698,-0.3223800158658645,-1.2020703929201795
1998-12-01,4.817290163892396,-0.22324864911904085,-0.8553089810969725
1999-01-01,4.802669157756002,-0.29407078278991455,-0.2982776658319628
1999-02-01,4.838483092768135,-0.3999541037238969,-0.038043804302986706
1999-03-01,5.443459586169294,-1.025539914645184,0.7492263749595776
1999-04-01,5.450117284676357,-1.334670847027782,0.5968433382072414
1999-05-01,5.475535626811987,-1.167614862083892,0.35075035642356145
1999-06-01,5.932333633532482,-1.5339412174725764,0.9501326095258915
1999-07-01,5.952077494837305,-1.5015612406519119,0.8956479049579238
1999-08-01,6.088215665662248,-1.7516843412657708,1.0775858132141163
1999-09-01,6.152292497436171,-1.487653312576879,0.8183785048513232
1999-10-01,6.1282537545029685,-1.6269051345063734,1.1067079783600544
1999-11-01,6.153646894194077,-1.3064507408766175,0.7959250087834483
1999-12-01,6.209415523531759,-1.0463856444364725,0.785997173036775
2000-01-01,6.535244776460915,-1.2038872855333544,1.1566469969649793
2000-02-01,6.44646241785284,-1.0302618329201594,1.8358237274517835
2000-03-01,6.351072187116854,-0.8395462510363514,1.5863939793239996
2000-04-01,5.8691582066659125,-0.12068146603747854,1.7075811734653872
2000-05-01,5.996429380005985,-0.36006398416721186,2.6357681377100026
2000-06-01,5.863857214201023,-0.2892650669549963,2.6773215698069426
2000-07-01,5.7683574684671965,0.0875588061862958,1.5322282838261754
2000-08-01,5.784225123775537,0.4167802448345309,0.821036766029791
2000-09-01,5.635024991460626,0.6592068476667057,0.2730665461429514
2000-10-01,5.770097847973276,0.6079706104766562,-0.37187965377229865
2000-11-01,5.714656154378165,0.8285432859732547,-0.7798222729040678
2000-12-01,5.498265765852275,0.946589507853836,-1.1026522903970815
2001-01-01,5.10888480325414,0.89224289239955,-2.140140271431858
2001-02-01,5.353845292805261,-0.32568340659536976,-1.989609139705311
2001-03-01,5.279438382595523,-0.37658759062579017,-2.1648794426253875
2001-04-01,5.4288507317008925,-1.1980225812050396,-2.0735084298480073
2001-05-01,5.812585193328961,-2.04943288862989,-1.911083788562459
2001-06-01,5.900469396664784,-2.6483197317731104,-1.2342177680763067
2001-07-01,5.886830415375397,-2.5426078056343937,-1.6288222377869068
2001-08-01,5.742378608915195,-2.3726995489981775,-2.5455595619928344
2001-09-01,5.709660305875288,-2.3683283142090836,-2.6359596392094176
2001-10-01,5.529465455218372,-3.112632171255724,-3.9957186499635964
2001-11-01,5.283788736064899,-3.2876216598300014,-4.000373953632478
2001-12-01,5.7470433755214065,-4.279700318240534,-3.144083457867008
2002-01-01,6.2164013550498085,-5.052866013237244,-2.11454075527767
2002-02-01,6.027171607083012,-4.68088564892602,-2.508593228061298
2002-03-01,5.973165536707438,-4.619111620726518,-2.13621149626969
2002-04-01,6.2736406603080415,-4.995802358176961,-0.7614239866754391
2002-05-01,6.016959285122548,-4.777420775577838,-1.9529932136068333
2002-06-01,5.91445960553782,-4.551210759087361,-2.2694622193455203
2002-07-01,5.812118731146999,-4.456906744037663,-3.098685419157302
2002-08-01,5.655538192218171,-3.8674308948787557,-5.66841284675597
2002-09-01,5.12919094547732,-3.196895018249283,-5.6617140647414255
2002-10-01,4.804551546411718,-2.873613501312309,-5.571157054688221
2002-11-01,5.125779612231778,-3.367020829155663,-5.809985562664585
2002-12-01,5.351361802786689,-4.017564095998366,-4.613137552781989
2003-01-01,5.170372046091808,-3.7053623868763323,-5.528951605488123
2003-02-01,5.214422566803698,-3.7659320097041804,-5.68819144670595
2003-03-01,4.829213014639857,-3.219594982190303,-6.068201468019765
2003-04-01,5.020673771005994,-3.5497665999818504,-6.196995824715896
2003-05-01,5.0814562702109045,-3.5733688908618033,-6.401558343389392
2003-06-01,4.5151913425572605,-2.847941106653518,-6.328785581570593
2003-07-01,4.652298477203772,-3.2931302591384677,-6.010969813221375
2003-08-01,5.69176131035857,-4.586451025612978,-5.750693394932825
2003-09-01,5.920156455599476,-4.916264005163528,-5.273374785552995
2003-10-01,5.238518333103983,-3.899557616623461,-6.558344239340739
2003-11-01,5.573859823518567,-4.446737018108065,-5.403429689228089
2003-12-01,5.480132531948887,-4.520818948832192,-4.269580839889051
