fold_id,amp_noise_prior,time_prior,dimension_prior,lambda_corr,pred_corr_mean_L,pred_corr_mean_S,pred_corr_mean_C,pred_corr_std_L,pred_corr_std_S,pred_corr_std_C,mean_abs_pred_corr_over_train_std_L,mean_abs_pred_corr_over_train_std_S,mean_abs_pred_corr_over_train_std_C
1,conservative_amp_noise,current_time,smooth_dims,0.25,-0.0009737065887629875,-0.0020642380141814394,0.006210206813514423,9.661052046153324e-05,0.0004147455407940465,0.0006451831639818333,0.2488256932660917,0.25363426558383956,0.5165733680295799
1,conservative_amp_noise,current_time,smooth_dims,0.5,-0.0009737065887629875,-0.0020642380141814394,0.006210206813514423,9.661052046153324e-05,0.0004147455407940465,0.0006451831639818333,0.2488256932660917,0.25363426558383956,0.5165733680295799
1,conservative_amp_noise,current_time,smooth_dims,1.0,-0.0009737065887629875,-0.0020642380141814394,0.006210206813514423,9.661052046153324e-05,0.0004147455407940465,0.0006451831639818333,0.2488256932660917,0.25363426558383956,0.5165733680295799
1,conservative_amp_noise,current_time,moderate_dims,0.25,-0.0012513289438700068,-0.0028140873334592904,0.005950894101923227,0.00014605517342668718,0.0006331404562645444,0.0009342544908637488,0.3197706532498061,0.3457687384919927,0.4950033873796535
1,conservative_amp_noise,current_time,moderate_dims,0.5,-0.0012513289438700068,-0.0028140873334592904,0.005950894101923227,0.00014605517342668718,0.0006331404562645444,0.0009342544908637488,0.3197706532498061,0.3457687384919927,0.4950033873796535
1,conservative_amp_noise,current_time,moderate_dims,1.0,-0.0012513289438700068,-0.0028140873334592904,0.005950894101923227,0.00014605517342668718,0.0006331404562645444,0.0009342544908637488,0.3197706532498061,0.3457687384919927,0.4950033873796535
1,conservative_amp_noise,long_time,smooth_dims,0.25,-0.0008252482501931421,-0.001765929377156445,0.0038827991142646,8.933683576776076e-05,0.00038646423059378326,0.0005655358595093507,0.210887931067416,0.21698088959262488,0.322976460538012
1,conservative_amp_noise,long_time,smooth_dims,0.5,-0.0008252482501931421,-0.001765929377156445,0.0038827991142646,8.933683576776076e-05,0.00038646423059378326,0.0005655358595093507,0.210887931067416,0.21698088959262488,0.322976460538012
1,conservative_amp_noise,long_time,smooth_dims,1.0,-0.0008252482501931421,-0.001765929377156445,0.0038827991142646,8.933683576776076e-05,0.00038646423059378326,0.0005655358595093507,0.210887931067416,0.21698088959262488,0.322976460538012
1,conservative_amp_noise,long_time,moderate_dims,0.25,-0.0011134296760390643,-0.0025290709004821216,0.003580457570275596,0.000142082857051672,0.0006109720155450075,0.0008971618396044585,0.2845312070810045,0.3107485842457994,0.29782728364847805
1,conservative_amp_noise,long_time,moderate_dims,0.5,-0.0011134296760390643,-0.0025290709004821216,0.003580457570275596,0.000142082857051672,0.0006109720155450075,0.0008971618396044585,0.2845312070810045,0.3107485842457994,0.29782728364847805
1,conservative_amp_noise,long_time,moderate_dims,1.0,-0.0011134296760390643,-0.0025290709004821216,0.003580457570275596,0.000142082857051672,0.0006109720155450075,0.0008971618396044585,0.2845312070810045,0.3107485842457994,0.29782728364847805
1,moderate_amp_noise,current_time,smooth_dims,0.25,-0.0024984239384720983,-0.005771617858658352,0.010438985169415336,0.000324474308349339,0.001266717509914775,0.0019915523260814177,0.6384593426164459,0.7091624351234884,0.8683288479283414
1,moderate_amp_noise,current_time,smooth_dims,0.5,-0.0024984239384720983,-0.005771617858658352,0.010438985169415336,0.000324474308349339,0.001266717509914775,0.0019915523260814177,0.6384593426164459,0.7091624351234884,0.8683288479283414
1,moderate_amp_noise,current_time,smooth_dims,1.0,-0.0024984239384720983,-0.005771617858658352,0.010438985169415336,0.000324474308349339,0.001266717509914775,0.0019915523260814177,0.6384593426164459,0.7091624351234884,0.8683288479283414
1,moderate_amp_noise,current_time,moderate_dims,0.25,-0.0033983976796286503,-0.008399789579127218,0.009759125478395279,0.0004906173227282357,0.0020202370650414603,0.00316731243736804,0.8684429872265228,1.0320876014898634,0.8117772030437431
1,moderate_amp_noise,current_time,moderate_dims,0.5,-0.0033983976796286503,-0.008399789579127218,0.009759125478395279,0.0004906173227282357,0.0020202370650414603,0.00316731243736804,0.8684429872265228,1.0320876014898634,0.8117772030437431
1,moderate_amp_noise,current_time,moderate_dims,1.0,-0.0033983976796286503,-0.008399789579127218,0.009759125478395279,0.0004906173227282357,0.0020202370650414603,0.00316731243736804,0.8684429872265228,1.0320876014898634,0.8117772030437431
1,moderate_amp_noise,long_time,smooth_dims,0.25,-0.0019358896523937528,-0.004960959907131477,0.004608158831257198,0.00028303705745218096,0.0012040569624569009,0.0018738183298734148,0.4947066091598364,0.6095563660739596,0.3833128588725147
1,moderate_amp_noise,long_time,smooth_dims,0.5,-0.0019358896523937528,-0.004960959907131477,0.004608158831257198,0.00028303705745218096,0.0012040569624569009,0.0018738183298734148,0.4947066091598364,0.6095563660739596,0.3833128588725147
1,moderate_amp_noise,long_time,smooth_dims,1.0,-0.0019358896523937528,-0.004960959907131477,0.004608158831257198,0.00028303705745218096,0.0012040569624569009,0.0018738183298734148,0.4947066091598364,0.6095563660739596,0.3833128588725147
1,moderate_amp_noise,long_time,moderate_dims,0.25,-0.002860592879061843,-0.007695205681299464,0.0035201352148974767,0.00046752111520811517,0.0020043025365617142,0.0031920801193532785,0.731009746158621,0.9455149203164638,0.3369387843894901
1,moderate_amp_noise,long_time,moderate_dims,0.5,-0.002860592879061843,-0.007695205681299464,0.0035201352148974767,0.00046752111520811517,0.0020043025365617142,0.0031920801193532785,0.731009746158621,0.9455149203164638,0.3369387843894901
1,moderate_amp_noise,long_time,moderate_dims,1.0,-0.002860592879061843,-0.007695205681299464,0.0035201352148974767,0.00046752111520811517,0.0020043025365617142,0.0031920801193532785,0.731009746158621,0.9455149203164638,0.3369387843894901
2,conservative_amp_noise,current_time,smooth_dims,0.25,-0.0013178983933611868,-0.0016566348037513933,0.011218274464440273,0.0001070176543020875,0.0002699346239185077,0.0009739068236421812,0.3541027533128022,0.22570793390867563,0.9867371468737403
2,conservative_amp_noise,current_time,smooth_dims,0.5,-0.0013178983933611868,-0.0016566348037513933,0.011218274464440273,0.0001070176543020875,0.0002699346239185077,0.0009739068236421812,0.3541027533128022,0.22570793390867563,0.9867371468737403
2,conservative_amp_noise,current_time,smooth_dims,1.0,-0.0013178983933611868,-0.0016566348037513933,0.011218274464440273,0.0001070176543020875,0.0002699346239185077,0.0009739068236421812,0.3541027533128022,0.22570793390867563,0.9867371468737403
2,conservative_amp_noise,current_time,moderate_dims,0.25,-0.001706527104987716,-0.0022143529719354372,0.011668470577638075,0.0001462622654694004,0.00044821922345079414,0.001290837295491091,0.45852240925637394,0.30169415317625203,1.0263355030807089
2,conservative_amp_noise,current_time,moderate_dims,0.5,-0.001706527104987716,-0.0022143529719354372,0.011668470577638075,0.0001462622654694004,0.00044821922345079414,0.001290837295491091,0.45852240925637394,0.30169415317625203,1.0263355030807089
2,conservative_amp_noise,current_time,moderate_dims,1.0,-0.001706527104987716,-0.0022143529719354372,0.011668470577638075,0.0001462622654694004,0.00044821922345079414,0.001290837295491091,0.45852240925637394,0.30169415317625203,1.0263355030807089
2,conservative_amp_noise,long_time,smooth_dims,0.25,-0.0009778497124687815,-0.0014530561444770812,0.005432982586164296,8.113635745312511e-05,0.0002688525222969395,0.000626662980596454,0.26273594175057985,0.1979713932609405,0.47787436054266225
2,conservative_amp_noise,long_time,smooth_dims,0.5,-0.0009778497124687815,-0.0014530561444770812,0.005432982586164296,8.113635745312511e-05,0.0002688525222969395,0.000626662980596454,0.26273594175057985,0.1979713932609405,0.47787436054266225
2,conservative_amp_noise,long_time,smooth_dims,1.0,-0.0009778497124687815,-0.0014530561444770812,0.005432982586164296,8.113635745312511e-05,0.0002688525222969395,0.000626662980596454,0.26273594175057985,0.1979713932609405,0.47787436054266225
2,conservative_amp_noise,long_time,moderate_dims,0.25,-0.001375533089594775,-0.002038824478945171,0.005785629733280467,0.00012839992007876485,0.00045294994937626295,0.0010295642538299273,0.3695884726409897,0.27777930277879426,0.5088925033864277
2,conservative_amp_noise,long_time,moderate_dims,0.5,-0.001375533089594775,-0.002038824478945171,0.005785629733280467,0.00012839992007876485,0.00045294994937626295,0.0010295642538299273,0.3695884726409897,0.27777930277879426,0.5088925033864277
2,conservative_amp_noise,long_time,moderate_dims,1.0,-0.001375533089594775,-0.002038824478945171,0.005785629733280467,0.00012839992007876485,0.00045294994937626295,0.0010295642538299273,0.3695884726409897,0.27777930277879426,0.5088925033864277
2,moderate_amp_noise,current_time,smooth_dims,0.25,-0.0034916773825997005,-0.004628885693807193,0.03406856993633903,0.0003086282640318669,0.0007976654483960713,0.004001449480495714,0.9381698779563943,0.6306617631615536,2.9966037650095
2,moderate_amp_noise,current_time,smooth_dims,0.5,-0.0034916773825997005,-0.004628885693807193,0.03406856993633903,0.0003086282640318669,0.0007976654483960713,0.004001449480495714,0.9381698779563943,0.6306617631615536,2.9966037650095
2,moderate_amp_noise,current_time,smooth_dims,1.0,-0.0034916773825997005,-0.004628885693807193,0.03406856993633903,0.0003086282640318669,0.0007976654483960713,0.004001449480495714,0.9381698779563943,0.6306617631615536,2.9966037650095
2,moderate_amp_noise,current_time,moderate_dims,0.25,-0.004797155745907343,-0.006626481776870493,0.04677218048375493,0.0004205548755029667,0.001359732808305339,0.0074543944369095585,1.2889355251156855,0.9028239099855208,4.1139881244567755
2,moderate_amp_noise,current_time,moderate_dims,0.5,-0.004797155745907343,-0.006626481776870493,0.04677218048375493,0.0004205548755029667,0.001359732808305339,0.0074543944369095585,1.2889355251156855,0.9028239099855208,4.1139881244567755
2,moderate_amp_noise,current_time,moderate_dims,1.0,-0.004797155745907343,-0.006626481776870493,0.04677218048375493,0.0004205548755029667,0.001359732808305339,0.0074543944369095585,1.2889355251156855,0.9028239099855208,4.1139881244567755
2,moderate_amp_noise,long_time,smooth_dims,0.25,-0.002637141308378986,-0.004006428442169029,0.018953060270674508,0.0002308852527763311,0.0007998811644716696,0.0033491468120254806,0.7085667627155227,0.5458551782126079,1.667073548190685
2,moderate_amp_noise,long_time,smooth_dims,0.5,-0.002637141308378986,-0.004006428442169029,0.018953060270674508,0.0002308852527763311,0.0007998811644716696,0.0033491468120254806,0.7085667627155227,0.5458551782126079,1.667073548190685
2,moderate_amp_noise,long_time,smooth_dims,1.0,-0.002637141308378986,-0.004006428442169029,0.018953060270674508,0.0002308852527763311,0.0007998811644716696,0.0033491468120254806,0.7085667627155227,0.5458551782126079,1.667073548190685
2,moderate_amp_noise,long_time,moderate_dims,0.25,-0.003995598339997004,-0.0062210487541134825,0.030013006640490236,0.0003656237668345126,0.0013735924607955457,0.007683275201567801,1.0735671129521158,0.8475857550840217,2.6398844702376936
2,moderate_amp_noise,long_time,moderate_dims,0.5,-0.003995598339997004,-0.0062210487541134825,0.030013006640490236,0.0003656237668345126,0.0013735924607955457,0.007683275201567801,1.0735671129521158,0.8475857550840217,2.6398844702376936
2,moderate_amp_noise,long_time,moderate_dims,1.0,-0.003995598339997004,-0.0062210487541134825,0.030013006640490236,0.0003656237668345126,0.0013735924607955457,0.007683275201567801,1.0735671129521158,0.8475857550840217,2.6398844702376936
3,conservative_amp_noise,current_time,smooth_dims,0.25,-0.0012587510721477164,-0.0022633245793622294,0.012318153367512704,0.00018735711341779965,0.0004861278745780771,0.0013897807358553753,0.35454994612411067,0.33596312473691026,1.165660659403054
3,conservative_amp_noise,current_time,smooth_dims,0.5,-0.0012587510721477164,-0.0022633245793622294,0.012318153367512704,0.00018735711341779965,0.0004861278745780771,0.0013897807358553753,0.35454994612411067,0.33596312473691026,1.165660659403054
3,conservative_amp_noise,current_time,smooth_dims,1.0,-0.0012587510721477164,-0.0022633245793622294,0.012318153367512704,0.00018735711341779965,0.0004861278745780771,0.0013897807358553753,0.35454994612411067,0.33596312473691026,1.165660659403054
3,conservative_amp_noise,current_time,moderate_dims,0.25,-0.0016727979379174574,-0.003071973634166704,0.012983413258103002,0.0002936158177002486,0.0007553203123973534,0.002117383069160596,0.47117371487375215,0.4559972841079955,1.228613868346293
3,conservative_amp_noise,current_time,moderate_dims,0.5,-0.0016727979379174574,-0.003071973634166704,0.012983413258103002,0.0002936158177002486,0.0007553203123973534,0.002117383069160596,0.47117371487375215,0.4559972841079955,1.228613868346293
3,conservative_amp_noise,current_time,moderate_dims,1.0,-0.0016727979379174574,-0.003071973634166704,0.012983413258103002,0.0002936158177002486,0.0007553203123973534,0.002117383069160596,0.47117371487375215,0.4559972841079955,1.228613868346293
3,conservative_amp_noise,long_time,smooth_dims,0.25,-0.0010386945289336891,-0.0019313508079162045,0.005560930721091845,0.0001829096867613888,0.00047812605936490605,0.001015834144620149,0.2925670511203593,0.2866856385987395,0.5262280780119484
3,conservative_amp_noise,long_time,smooth_dims,0.5,-0.0010386945289336891,-0.0019313508079162045,0.005560930721091845,0.0001829096867613888,0.00047812605936490605,0.001015834144620149,0.2925670511203593,0.2866856385987395,0.5262280780119484
3,conservative_amp_noise,long_time,smooth_dims,1.0,-0.0010386945289336891,-0.0019313508079162045,0.005560930721091845,0.0001829096867613888,0.00047812605936490605,0.001015834144620149,0.2925670511203593,0.2866856385987395,0.5262280780119484
3,conservative_amp_noise,long_time,moderate_dims,0.25,-0.0014805718339916257,-0.0027943847611367994,0.006125382801122986,0.0002997930032089802,0.0007654382991968898,0.0016894256398907123,0.41702976512976864,0.4147925775335618,0.5796418945297551
3,conservative_amp_noise,long_time,moderate_dims,0.5,-0.0014805718339916257,-0.0027943847611367994,0.006125382801122986,0.0002997930032089802,0.0007654382991968898,0.0016894256398907123,0.41702976512976864,0.4147925775335618,0.5796418945297551
3,conservative_amp_noise,long_time,moderate_dims,1.0,-0.0014805718339916257,-0.0027943847611367994,0.006125382801122986,0.0002997930032089802,0.0007654382991968898,0.0016894256398907123,0.41702976512976864,0.4147925775335618,0.5796418945297551
3,moderate_amp_noise,current_time,smooth_dims,0.25,-0.0037650323429610434,-0.007170859350313713,0.05336884548041159,0.0006403828776536,0.0016459011155050315,0.008169913312035653,1.060489276942376,1.0644272307859377,5.050267013101639
3,moderate_amp_noise,current_time,smooth_dims,0.5,-0.0037650323429610434,-0.007170859350313713,0.05336884548041159,0.0006403828776536,0.0016459011155050315,0.008169913312035653,1.060489276942376,1.0644272307859377,5.050267013101639
3,moderate_amp_noise,current_time,smooth_dims,1.0,-0.0037650323429610434,-0.007170859350313713,0.05336884548041159,0.0006403828776536,0.0016459011155050315,0.008169913312035653,1.060489276942376,1.0644272307859377,5.050267013101639
3,moderate_amp_noise,current_time,moderate_dims,0.25,-0.007377815521739377,-0.014966373546448919,0.18552453967234542,0.001479767734783749,0.005890281308690966,0.19182311153183967,2.0780948303648037,2.2215769088062784,20.742490521739285
3,moderate_amp_noise,current_time,moderate_dims,0.5,-0.007377815521739377,-0.014966373546448919,0.18552453967234542,0.001479767734783749,0.005890281308690966,0.19182311153183967,2.0780948303648037,2.2215769088062784,20.742490521739285
3,moderate_amp_noise,current_time,moderate_dims,1.0,-0.007377815521739377,-0.014966373546448919,0.18552453967234542,0.001479767734783749,0.005890281308690966,0.19182311153183967,2.0780948303648037,2.2215769088062784,20.742490521739285
3,moderate_amp_noise,long_time,smooth_dims,0.25,-0.0034621170275031792,-0.007344386565052474,0.047244357614436405,0.0007263609495147764,0.0018615979500937012,0.017218880777159867,0.9751677140439171,1.090185244383331,4.470709805834932
3,moderate_amp_noise,long_time,smooth_dims,0.5,-0.0034621170275031792,-0.007344386565052474,0.047244357614436405,0.0007263609495147764,0.0018615979500937012,0.017218880777159867,0.9751677140439171,1.090185244383331,4.470709805834932
3,moderate_amp_noise,long_time,smooth_dims,1.0,-0.0034621170275031792,-0.007344386565052474,0.047244357614436405,0.0007263609495147764,0.0018615979500937012,0.017218880777159867,0.9751677140439171,1.090185244383331,4.470709805834932
3,moderate_amp_noise,long_time,moderate_dims,0.25,-0.007153956911133341,-0.015291746150341097,0.16549632165328648,0.001736753560102983,0.006270538819521294,0.21894026784811593,2.0150410144944693,2.2698745315618285,20.91321646915206
3,moderate_amp_noise,long_time,moderate_dims,0.5,-0.007153956911133341,-0.015291746150341097,0.16549632165328648,0.001736753560102983,0.006270538819521294,0.21894026784811593,2.0150410144944693,2.2698745315618285,20.91321646915206
3,moderate_amp_noise,long_time,moderate_dims,1.0,-0.007153956911133341,-0.015291746150341097,0.16549632165328648,0.001736753560102983,0.006270538819521294,0.21894026784811593,2.0150410144944693,2.2698745315618285,20.91321646915206
