fold_id,amp_noise_prior,time_prior,dimension_prior,factor,ell_L_dm_t,ell_S_dm_t,ell_C_dm_t,ell_dL_t,ell_dS_t,ell_dC_t,ell_time,alpha_factor,sigma_factor,map_objective,optimizer_success,best_restart_name,final_jitter,n_train,pathology_flag
1,conservative_amp_noise,current_time,smooth_dims,L,2.735175645830526,2.757052231041699,2.6716088418919166,2.227408111816585,2.241676480108763,2.2408782358660893,1.24343001864085,0.05879162338370757,0.9953852755411179,-907.4575952650233,True,conservative,1e-06,214,none
1,conservative_amp_noise,current_time,smooth_dims,S,2.735175645830526,2.757052231041699,2.6716088418919166,2.227408111816585,2.241676480108763,2.2408782358660893,1.24343001864085,0.05958140507092367,0.9948973470375562,-907.4575952650233,True,conservative,1e-06,214,none
1,conservative_amp_noise,current_time,smooth_dims,C,2.735175645830526,2.757052231041699,2.6716088418919166,2.227408111816585,2.241676480108763,2.2408782358660893,1.24343001864085,0.061424642975082766,0.9936195453278333,-907.4575952650233,True,conservative,1e-06,214,none
1,conservative_amp_noise,current_time,moderate_dims,L,2.237465359271658,2.262064936048082,2.17172486872675,1.7333072465044133,1.7526522350827523,1.7456276056954914,1.2481919718060281,0.059305989668154487,0.9950014516984531,-908.2784162919925,True,conservative,1e-06,214,none
1,conservative_amp_noise,current_time,moderate_dims,S,2.237465359271658,2.262064936048082,2.17172486872675,1.7333072465044133,1.7526522350827523,1.7456276056954914,1.2481919718060281,0.060189577254957896,0.9944545498442698,-908.2784162919925,True,conservative,1e-06,214,none
1,conservative_amp_noise,current_time,moderate_dims,C,2.237465359271658,2.262064936048082,2.17172486872675,1.7333072465044133,1.7526522350827523,1.7456276056954914,1.2481919718060281,0.0616918146807948,0.993416984820539,-908.2784162919925,True,conservative,1e-06,214,none
1,conservative_amp_noise,long_time,smooth_dims,L,2.730187316680204,2.752588666068514,2.663160974610781,2.227579873515549,2.2421202247812158,2.234317728365495,2.2257456947390843,0.05861460048047295,0.9955304502690252,-907.6610191552892,True,prior_median,1e-06,214,none
1,conservative_amp_noise,long_time,smooth_dims,S,2.730187316680204,2.752588666068514,2.663160974610781,2.227579873515549,2.2421202247812158,2.234317728365495,2.2257456947390843,0.059773617300101445,0.9948217673698863,-907.6610191552892,True,prior_median,1e-06,214,none
1,conservative_amp_noise,long_time,smooth_dims,C,2.730187316680204,2.752588666068514,2.663160974610781,2.227579873515549,2.2421202247812158,2.234317728365495,2.2257456947390843,0.060952704924096976,0.9940230057257886,-907.6610191552892,True,prior_median,1e-06,214,none
1,conservative_amp_noise,long_time,moderate_dims,L,2.230435025518367,2.2578103799194547,2.16100062671372,1.7356800295896329,1.7511217859336103,1.7384378447224462,2.235263950663106,0.059218521370584525,0.9950678684620138,-908.4577688013186,True,moderate,1e-06,214,none
1,conservative_amp_noise,long_time,moderate_dims,S,2.230435025518367,2.2578103799194547,2.16100062671372,1.7356800295896329,1.7511217859336103,1.7384378447224462,2.235263950663106,0.06036914133763667,0.9943655937255627,-908.4577688013186,True,moderate,1e-06,214,none
1,conservative_amp_noise,long_time,moderate_dims,C,2.230435025518367,2.2578103799194547,2.16100062671372,1.7356800295896329,1.7511217859336103,1.7384378447224462,2.235263950663106,0.06138725701402006,0.9936847573795649,-908.4577688013186,True,moderate,1e-06,214,none
1,moderate_amp_noise,current_time,smooth_dims,L,2.715820411147157,2.7761094077288364,2.5442059172188434,2.1994225470575106,2.2326900782887593,2.227640762749181,1.2444889734525657,0.09458826619216315,0.9921599211765944,-908.9293739982451,True,conservative,1e-06,214,none
1,moderate_amp_noise,current_time,smooth_dims,S,2.715820411147157,2.7761094077288364,2.5442059172188434,2.1994225470575106,2.2326900782887593,2.227640762749181,1.2444889734525657,0.10036266758550966,0.9902252509821884,-908.9293739982451,True,conservative,1e-06,214,none
1,moderate_amp_noise,current_time,smooth_dims,C,2.715820411147157,2.7761094077288364,2.5442059172188434,2.1994225470575106,2.2326900782887593,2.227640762749181,1.2444889734525657,0.10830867946966485,0.9869472720012465,-908.9293739982451,True,conservative,1e-06,214,none
1,moderate_amp_noise,current_time,moderate_dims,L,2.219204203304595,2.2910584967837293,2.0397414385479236,1.7112858583252972,1.762528368028534,1.7412761366626466,1.2532956804191713,0.09654845549597273,0.9911992348734492,-909.5918511175953,True,time_sensitive,1e-06,214,none
1,moderate_amp_noise,current_time,moderate_dims,S,2.219204203304595,2.2910584967837293,2.0397414385479236,1.7112858583252972,1.762528368028534,1.7412761366626466,1.2532956804191713,0.10372551354558857,0.9887355754692796,-909.5918511175953,True,time_sensitive,1e-06,214,none
1,moderate_amp_noise,current_time,moderate_dims,C,2.219204203304595,2.2910584967837293,2.0397414385479236,1.7112858583252972,1.762528368028534,1.7412761366626466,1.2532956804191713,0.1106276162870907,0.9859391530924134,-909.5918511175953,True,time_sensitive,1e-06,214,none
1,moderate_amp_noise,long_time,smooth_dims,L,2.7060232724526974,2.7698835546785983,2.523039444190729,2.2042561813119566,2.2368203122411567,2.2147475072028224,2.2118713514521136,0.0938698278659333,0.9925938098710231,-909.1483397179876,True,moderate,1e-06,214,none
1,moderate_amp_noise,long_time,smooth_dims,S,2.7060232724526974,2.7698835546785983,2.523039444190729,2.2042561813119566,2.2368203122411567,2.2147475072028224,2.2118713514521136,0.10178953984193131,0.9898692811015093,-909.1483397179876,True,moderate,1e-06,214,none
1,moderate_amp_noise,long_time,smooth_dims,C,2.7060232724526974,2.7698835546785983,2.523039444190729,2.2042561813119566,2.2368203122411567,2.2147475072028224,2.2118713514521136,0.10849603291645782,0.9873695264872997,-909.1483397179876,True,moderate,1e-06,214,none
1,moderate_amp_noise,long_time,moderate_dims,L,2.2022488861508362,2.2838105002128226,2.0158043224609803,1.7215473935582646,1.76194640006903,1.7265363945553203,2.230517061903515,0.0960412992109282,0.9914329839701823,-909.766126411076,True,prior_median,1e-06,214,none
1,moderate_amp_noise,long_time,moderate_dims,S,2.2022488861508362,2.2838105002128226,2.0158043224609803,1.7215473935582646,1.76194640006903,1.7265363945553203,2.230517061903515,0.10525694483203965,0.9883245974286257,-909.766126411076,True,prior_median,1e-06,214,none
1,moderate_amp_noise,long_time,moderate_dims,C,2.2022488861508362,2.2838105002128226,2.0158043224609803,1.7215473935582646,1.76194640006903,1.7265363945553203,2.230517061903515,0.1114927256122415,0.9860258839984135,-909.766126411076,True,prior_median,1e-06,214,none
2,conservative_amp_noise,current_time,smooth_dims,L,2.7337321614140735,2.767955819655037,2.7084583799376043,2.209265411096815,2.243148253926299,2.2490553676938796,1.2093635827733888,0.058441400143937484,0.9962243110314049,-1162.2401496079851,True,shrink_to_noise,1e-06,274,none
2,conservative_amp_noise,current_time,smooth_dims,S,2.7337321614140735,2.767955819655037,2.7084583799376043,2.209265411096815,2.243148253926299,2.2490553676938796,1.2093635827733888,0.059151931239441166,0.9959246185009847,-1162.2401496079851,True,shrink_to_noise,1e-06,274,none
2,conservative_amp_noise,current_time,smooth_dims,C,2.7337321614140735,2.767955819655037,2.7084583799376043,2.209265411096815,2.243148253926299,2.2490553676938796,1.2093635827733888,0.072867496558253,0.9885533957278417,-1162.2401496079851,True,shrink_to_noise,1e-06,274,none
2,conservative_amp_noise,current_time,moderate_dims,L,2.2376369943542214,2.281015599097711,2.209288267991746,1.7218938698652566,1.7600877353878355,1.7632220417976014,1.2212837901143416,0.05924635442108518,0.9957319536841531,-1163.1022523325362,True,conservative,1e-06,274,none
2,conservative_amp_noise,current_time,moderate_dims,S,2.2376369943542214,2.281015599097711,2.209288267991746,1.7218938698652566,1.7600877353878355,1.7632220417976014,1.2212837901143416,0.05978855563971132,0.995496652100758,-1163.1022523325362,True,conservative,1e-06,274,none
2,conservative_amp_noise,current_time,moderate_dims,C,2.2376369943542214,2.281015599097711,2.209288267991746,1.7218938698652566,1.7600877353878355,1.7632220417976014,1.2212837901143416,0.07235271502468489,0.9888457521633126,-1163.1022523325362,True,conservative,1e-06,274,none
2,conservative_amp_noise,long_time,smooth_dims,L,2.72548553396085,2.739205646354544,2.70795372361186,2.2046486566508503,2.2364509612577237,2.2290595311487524,2.0988693926933326,0.058694803705246344,0.9961199898587955,-1162.7021522307505,True,time_sensitive,1e-06,274,none
2,conservative_amp_noise,long_time,smooth_dims,S,2.72548553396085,2.739205646354544,2.70795372361186,2.2046486566508503,2.2364509612577237,2.2290595311487524,2.0988693926933326,0.05937148535455919,0.9958384275065908,-1162.7021522307505,True,time_sensitive,1e-06,274,none
2,conservative_amp_noise,long_time,smooth_dims,C,2.72548553396085,2.739205646354544,2.70795372361186,2.2046486566508503,2.2364509612577237,2.2290595311487524,2.0988693926933326,0.06776738337389195,0.9913930592626248,-1162.7021522307505,True,time_sensitive,1e-06,274,none
2,conservative_amp_noise,long_time,moderate_dims,L,2.227919466420978,2.2461530405545442,2.2027250330442825,1.7187150190027638,1.7449654693209096,1.7388630182581597,2.136159282493878,0.059592548616223984,0.9955469608034268,-1163.4852173296226,True,moderate,1e-06,274,none
2,conservative_amp_noise,long_time,moderate_dims,S,2.227919466420978,2.2461530405545442,2.2027250330442825,1.7187150190027638,1.7449654693209096,1.7388630182581597,2.136159282493878,0.05999126063592825,0.9954349966834466,-1163.4852173296226,True,moderate,1e-06,274,none
2,conservative_amp_noise,long_time,moderate_dims,C,2.227919466420978,2.2461530405545442,2.2027250330442825,1.7187150190027638,1.7449654693209096,1.7388630182581597,2.136159282493878,0.0679815786149106,0.9912516481447436,-1163.4852173296226,True,moderate,1e-06,274,none
2,moderate_amp_noise,current_time,smooth_dims,L,2.692468770637477,2.794090265691307,2.5434334750178644,2.1460045038774376,2.187658443818207,2.2226629951008694,1.203192664575047,0.09322391055607628,0.9934743031532344,-1162.556154791365,True,conservative,1e-06,274,none
2,moderate_amp_noise,current_time,smooth_dims,S,2.692468770637477,2.794090265691307,2.5434334750178644,2.1460045038774376,2.187658443818207,2.2226629951008694,1.203192664575047,0.09905319592769682,0.9919584512856088,-1162.556154791365,True,conservative,1e-06,274,none
2,moderate_amp_noise,current_time,smooth_dims,C,2.692468770637477,2.794090265691307,2.5434334750178644,2.1460045038774376,2.187658443818207,2.2226629951008694,1.203192664575047,0.16821580814665424,0.9687624677405986,-1162.556154791365,True,conservative,1e-06,274,none
2,moderate_amp_noise,current_time,moderate_dims,L,2.179345264743949,2.3418632912503012,2.010263846512365,1.6635014001957413,1.7274597258924675,1.7827879809749245,1.2256574303128185,0.09625447024258281,0.9922385678919208,-1163.0995379956094,True,conservative,1e-06,274,none
2,moderate_amp_noise,current_time,moderate_dims,S,2.179345264743949,2.3418632912503012,2.010263846512365,1.6635014001957413,1.7274597258924675,1.7827879809749245,1.2256574303128185,0.10249103599943614,0.9906748019468712,-1163.0995379956094,True,conservative,1e-06,274,none
2,moderate_amp_noise,current_time,moderate_dims,C,2.179345264743949,2.3418632912503012,2.010263846512365,1.6635014001957413,1.7274597258924675,1.7827879809749245,1.2256574303128185,0.19191294551855315,0.9614881512833877,-1163.0995379956094,True,conservative,1e-06,274,none
2,moderate_amp_noise,long_time,smooth_dims,L,2.6722014661372135,2.747271325399074,2.565171021376247,2.140252150968222,2.18124283781715,2.201082636614638,1.9122241314783568,0.09399023709685991,0.9933390073150344,-1163.2343178530612,True,conservative,1e-06,274,none
2,moderate_amp_noise,long_time,smooth_dims,S,2.6722014661372135,2.747271325399074,2.565171021376247,2.140252150968222,2.18124283781715,2.201082636614638,1.9122241314783568,0.1003430650189064,0.9917301817351605,-1163.2343178530612,True,conservative,1e-06,274,none
2,moderate_amp_noise,long_time,smooth_dims,C,2.6722014661372135,2.747271325399074,2.565171021376247,2.140252150968222,2.18124283781715,2.201082636614638,1.9122241314783568,0.16957060158992932,0.9706638183989574,-1163.2343178530612,True,conservative,1e-06,274,none
2,moderate_amp_noise,long_time,moderate_dims,L,2.1317797699200174,2.285278191274827,1.996828247302592,1.6680406402271457,1.6961905148904721,1.7624705435779253,1.9568372857394971,0.09728220377562664,0.991946983356067,-1163.6649202518543,True,shrink_to_noise,1e-06,274,none
2,moderate_amp_noise,long_time,moderate_dims,S,2.1317797699200174,2.285278191274827,1.996828247302592,1.6680406402271457,1.6961905148904721,1.7624705435779253,1.9568372857394971,0.10392627365916714,0.9903722722272829,-1163.6649202518543,True,shrink_to_noise,1e-06,274,none
2,moderate_amp_noise,long_time,moderate_dims,C,2.1317797699200174,2.285278191274827,1.996828247302592,1.6680406402271457,1.6961905148904721,1.7624705435779253,1.9568372857394971,0.20566402433781736,0.9599294732441297,-1163.6649202518543,True,shrink_to_noise,1e-06,274,none
3,conservative_amp_noise,current_time,smooth_dims,L,2.738683762061363,2.773592259042565,2.7142345515379587,2.1908487064195965,2.234822519488987,2.226786548723179,1.1740616203331062,0.05833801988007069,0.9966584637985308,-1417.5101516939415,True,time_sensitive,1e-06,334,none
3,conservative_amp_noise,current_time,smooth_dims,S,2.738683762061363,2.773592259042565,2.7142345515379587,2.1908487064195965,2.234822519488987,2.226786548723179,1.1740616203331062,0.05923798634736888,0.9963280419817835,-1417.5101516939415,True,time_sensitive,1e-06,334,none
3,conservative_amp_noise,current_time,smooth_dims,C,2.738683762061363,2.773592259042565,2.7142345515379587,2.1908487064195965,2.234822519488987,2.226786548723179,1.1740616203331062,0.07677655845570043,0.988505502306582,-1417.5101516939415,True,time_sensitive,1e-06,334,none
3,conservative_amp_noise,current_time,moderate_dims,L,2.247551169767859,2.2951785131112223,2.225836379193123,1.7066897311797713,1.7534773899653024,1.7472361047326115,1.1932738142846246,0.05933737270728229,0.9961530042023837,-1418.3410777089607,True,time_sensitive,1e-06,334,none
3,conservative_amp_noise,current_time,moderate_dims,S,2.247551169767859,2.2951785131112223,2.225836379193123,1.7066897311797713,1.7534773899653024,1.7472361047326115,1.1932738142846246,0.059984034280799715,0.995958153294332,-1418.3410777089607,True,time_sensitive,1e-06,334,none
3,conservative_amp_noise,current_time,moderate_dims,C,2.247551169767859,2.2951785131112223,2.225836379193123,1.7066897311797713,1.7534773899653024,1.7472361047326115,1.1932738142846246,0.07646177279480296,0.9887481375806113,-1418.3410777089607,True,time_sensitive,1e-06,334,none
3,conservative_amp_noise,long_time,smooth_dims,L,2.7343924315278088,2.733047945043799,2.7131567274696793,2.1926969937479015,2.224578363844565,2.197279435322731,2.0910975530444174,0.058478924517624424,0.9966585223072961,-1418.0822628997355,True,moderate,1e-06,334,none
3,conservative_amp_noise,long_time,smooth_dims,S,2.7343924315278088,2.733047945043799,2.7131567274696793,2.1926969937479015,2.224578363844565,2.197279435322731,2.0910975530444174,0.05950318143930347,0.9962607145786079,-1418.0822628997355,True,moderate,1e-06,334,none
3,conservative_amp_noise,long_time,smooth_dims,C,2.7343924315278088,2.733047945043799,2.7131567274696793,2.1926969937479015,2.224578363844565,2.197279435322731,2.0910975530444174,0.06907458783112691,0.9920695957231148,-1418.0822628997355,True,moderate,1e-06,334,none
3,conservative_amp_noise,long_time,moderate_dims,L,2.2419809736491643,2.2480876183339698,2.2139071544330533,1.7089068697667256,1.7326948714709889,1.7103394659533162,2.1292103962945763,0.05953641150504847,0.996081411774,-1418.8113453714197,True,shrink_to_noise,1e-06,334,none
3,conservative_amp_noise,long_time,moderate_dims,S,2.2419809736491643,2.2480876183339698,2.2139071544330533,1.7089068697667256,1.7326948714709889,1.7103394659533162,2.1292103962945763,0.06032094723541816,0.9958331175853271,-1418.8113453714197,True,shrink_to_noise,1e-06,334,none
3,conservative_amp_noise,long_time,moderate_dims,C,2.2419809736491643,2.2480876183339698,2.2139071544330533,1.7089068697667256,1.7326948714709889,1.7103394659533162,2.1292103962945763,0.06976938132828393,0.9917169157595762,-1418.8113453714197,True,shrink_to_noise,1e-06,334,none
3,moderate_amp_noise,current_time,smooth_dims,L,2.629076329810639,2.7909108172023465,2.3890262065270744,2.1189790559923267,2.0866448626432663,2.1419071362460955,1.1644069870203917,0.09369491851471758,0.9939011533794413,-1417.0128929911932,True,shrink_to_noise,1e-06,334,none
3,moderate_amp_noise,current_time,smooth_dims,S,2.629076329810639,2.7909108172023465,2.3890262065270744,2.1189790559923267,2.0866448626432663,2.1419071362460955,1.1644069870203917,0.10157841128710272,0.992160255612986,-1417.0128929911932,True,shrink_to_noise,1e-06,334,none
3,moderate_amp_noise,current_time,smooth_dims,C,2.629076329810639,2.7909108172023465,2.3890262065270744,2.1189790559923267,2.0866448626432663,2.1419071362460955,1.1644069870203917,0.24868569220847442,0.9523545431266642,-1417.0128929911932,True,shrink_to_noise,1e-06,334,none
3,moderate_amp_noise,current_time,moderate_dims,L,1.9314502192100185,2.5287168060367695,1.479581476242907,0.9704313118454453,1.5369163785809195,1.8030512143922224,1.4492775564817832,0.1000352152097688,0.991706764668201,-1416.3724858386788,True,prior_median,1e-06,334,none
3,moderate_amp_noise,current_time,moderate_dims,S,1.9314502192100185,2.5287168060367695,1.479581476242907,0.9704313118454453,1.5369163785809195,1.8030512143922224,1.4492775564817832,0.1116999546589513,0.989060884208986,-1416.3724858386788,True,prior_median,1e-06,334,none
3,moderate_amp_noise,current_time,moderate_dims,C,1.9314502192100185,2.5287168060367695,1.479581476242907,0.9704313118454453,1.5369163785809195,1.8030512143922224,1.4492775564817832,0.739724083562272,0.7945904392388091,-1416.3724858386788,True,prior_median,1e-06,334,none
3,moderate_amp_noise,long_time,smooth_dims,L,2.3458479605365206,2.6667371594044997,2.160610264864678,2.1125005056991317,1.9331425703847613,2.0833989545226848,1.9206406248651213,0.09514479446498786,0.9935231918655981,-1417.8545774187935,True,time_sensitive,1e-06,334,none
3,moderate_amp_noise,long_time,smooth_dims,S,2.3458479605365206,2.6667371594044997,2.160610264864678,2.1125005056991317,1.9331425703847613,2.0833989545226848,1.9206406248651213,0.10486132835147156,0.9914517237664424,-1417.8545774187935,True,time_sensitive,1e-06,334,none
3,moderate_amp_noise,long_time,smooth_dims,C,2.3458479605365206,2.6667371594044997,2.160610264864678,2.1125005056991317,1.9331425703847613,2.0833989545226848,1.9206406248651213,0.3805642857114927,0.9249403872803684,-1417.8545774187935,True,time_sensitive,1e-06,334,none
3,moderate_amp_noise,long_time,moderate_dims,L,1.9816631060774343,2.5370554770365916,1.324487343676002,1.0090677640359083,1.567394958276658,1.6908387914384067,2.346122624720809,0.10001476863254669,0.9917475623687485,-1415.93204128425,True,moderate,1e-06,334,none
3,moderate_amp_noise,long_time,moderate_dims,S,1.9816631060774343,2.5370554770365916,1.324487343676002,1.0090677640359083,1.567394958276658,1.6908387914384067,2.346122624720809,0.11458770117509452,0.9884490951037372,-1415.93204128425,True,moderate,1e-06,334,none
3,moderate_amp_noise,long_time,moderate_dims,C,1.9816631060774343,2.5370554770365916,1.324487343676002,1.0090677640359083,1.567394958276658,1.6908387914384067,2.346122624720809,0.8071614304660003,0.776742305202456,-1415.93204128425,True,moderate,1e-06,334,none
